Level0_profiles,MULakeNumber,year,month,day,csv,Level0to1_done,Level0to1_done_date,profile_date,maxDepth_m,latitude,longitude,altitude_m,barometerAirHandheld_mbars,doConcentration_mgpL_bottom,doConcentration_mgpL_bottom5mean,nrow_original_Level0,nrow_readProfile,nrow_Level1,Level1FileName,nrow_Level2,Level2_maxDepth_m,Level1to2_done,Level1to2_done_date,flag_monotonicDensity,flag_decreasingTemp,flag_lowTemps,flag_lowpH,flag_jumps_chlorophyll_RFU,flag_jumps_depth_m,flag_jumps_doSaturation_percent,flag_jumps_doConcentration_mgpL,flag_jumps_orp_mV,flag_jumps_waterPressure_barA,flag_jumps_salinity_psu,flag_jumps_specificConductivity_uSpcm,flag_jumps_phycocyaninBGA_RFU,flag_jumps_tds_mgpL,flag_jumps_turbidity_FNU,flag_jumps_pH,flag_jumps_temp_degC,flag_jumps_verticalPosition_m,flag_jumps_latitude,flag_jumps_longitude,flag_jumps_altitude_m,flag_jumps_barometerAirHandheld_mbars,Level1to2_some_depths_removed,Level1to2_profileRemoved
003_2024_06_05.csv,003,2024,06,05,csv,Yes,2025-03-24,2024-06-05,17.207666666666665,39.341298701550386,-91.15295062015504,238.765503875969,978.2503875968991,-0.03,-0.03,607,203,172,003_2024_06_05_Level1.csv,168,16.993666666666666,Yes,2025-03-24,0,0,0,0,2,1,1,2,0,1,0,0,5,0,0,0,0,1,0,0,0,0,yes,NA
003_2024_06_24.csv,003,2024,06,24,csv,Yes,2025-03-24,2024-06-24,16.957333333333334,39.34129608843537,-91.15303765306122,239.7455782312925,983.675283446712,0.03,0.02833333333333333,367,123,98,003_2024_06_24_Level1.csv,88,15.873666666666669,Yes,2025-03-24,0,0,0,0,4,2,0,0,4,2,0,0,7,0,0,0,0,1,0,0,0,0,yes,NA
003_2024_07_22.csv,003,2024,07,22,csv,Yes,2025-03-24,2024-07-22,17.336,39.34139810313076,-91.15312830570902,241.89963167587476,988.7064456721916,-0.04,-0.04,622,208,181,003_2024_07_22_Level1.csv,162,16.167666666666666,Yes,2025-03-24,0,0,0,0,0,0,1,1,1,0,0,0,14,0,0,0,0,0,0,0,0,0,yes,NA
003_2024_08_12.csv,003,2024,08,12,csv,Yes,2025-03-24,2024-08-12,17.026666666666667,39.34133846153846,-91.1530855448718,238.58942307692308,990.2149572649572,0.03,0.03388888888888888,384,128,104,003_2024_08_12_Level1.csv,86,14.516,Yes,2025-03-24,0,0,0,0,2,2,0,0,1,2,0,0,12,0,0,0,0,1,0,0,0,0,yes,NA
005_2024_06_05.csv,005,2024,06,05,csv,Yes,2025-03-24,2024-06-05,15.061666666666667,39.020552971014496,-90.92038094202898,167.82391304347826,986.1784219001612,-0.02,-0.02,557,186,138,005_2024_06_05_Level1.csv,135,14.856333333333334,Yes,2025-03-24,0,1,0,0,3,1,0,0,1,1,0,0,9,0,0,0,0,1,0,0,0,0,yes,NA
005_2024_06_24.csv,005,2024,06,24,csv,Yes,2025-03-24,2024-06-24,14.395,39.02078545751634,-90.92022055555556,170.69084967320262,990.9952069716776,0.07,0.07,406,136,102,005_2024_06_24_Level1.csv,82,11.302333333333332,Yes,2025-03-24,0,0,0,0,2,2,0,0,1,2,0,0,15,0,0,0,0,2,0,0,0,0,yes,NA
005_2024_07_22.csv,005,2024,07,22,csv,Yes,2025-03-24,2024-07-22,14.448333333333332,39.02089946386946,-90.91990808857808,170.77867132867132,995.9508158508158,0.01,0.01,502,167,143,005_2024_07_22_Level1.csv,121,12.531,Yes,2025-03-24,0,0,0,0,0,2,0,0,0,2,0,0,11,0,0,0,0,2,0,0,0,0,yes,NA
005_2024_08_12.csv,005,2024,08,12,csv,Yes,2025-03-24,2024-08-12,14.173666666666668,39.020919750778816,-90.91993635514018,166.15856697819314,997.8782969885774,0.12,0.12666666666666668,380,128,107,005_2024_08_12_Level1.csv,103,14.045,Yes,2025-03-24,0,0,0,0,2,1,0,0,1,1,0,0,5,0,0,0,0,2,0,0,0,0,yes,NA
011_2024_06_21.csv,011,2024,06,21,csv,Yes,2025-03-24,2024-06-21,16.001333333333335,38.358857350993375,-91.53897313465784,237.57174392935983,994.7796909492274,0,0,518,173,151,011_2024_06_21_Level1.csv,120,13.003333333333334,Yes,2025-03-24,0,0,0,0,2,1,1,2,0,1,0,0,64,0,0,0,0,1,0,0,0,0,yes,NA
011_2024_07_11.csv,011,2024,07,11,csv,Yes,2025-03-24,2024-07-11,15.917,38.35903225287356,-91.53899218390804,235.5880459770115,989.0510344827586,-0.07,-0.07,450,152,145,011_2024_07_11_Level1.csv,115,12.892,Yes,2025-03-24,0,0,0,0,2,2,0,0,0,2,0,0,16,0,0,0,0,2,0,0,0,0,yes,NA
011_2024_07_25.csv,011,2024,07,25,csv,Yes,2025-03-24,2024-07-25,16.357666666666667,38.35880797222222,-91.5388868888889,236.06666666666663,993.0185185185184,-0.01,-0.01,395,133,120,011_2024_07_25_Level1.csv,113,14.998,Yes,2025-03-24,0,0,0,0,1,1,1,1,0,1,0,0,2,0,0,0,0,1,0,0,0,0,yes,NA
011_2024_08_08.csv,011,2024,08,08,csv,Yes,2025-03-24,2024-08-08,16.508333333333333,38.35868510903427,-91.53892269470406,233.5828660436137,987.4492211838008,0.12,0.12,352,118,107,011_2024_08_08_Level1.csv,93,14.158666666666669,Yes,2025-03-24,0,0,0,0,1,0,0,0,0,0,0,0,4,0,0,0,0,0,0,0,0,0,yes,NA
014_2024_06_06.csv,014,2024,06,06,csv,Yes,2025-03-24,2024-06-06,15.616,38.31642496124031,-90.60141519379845,168.21136950904392,990.1381567614126,0.07,0.07,466,156,129,014_2024_06_06_Level1.csv,126,15.312333333333331,Yes,2025-03-24,0,0,0,0,1,1,0,0,0,1,0,0,3,0,0,0,0,0,0,0,0,0,yes,NA
014_2024_06_25.csv,014,2024,06,25,csv,Yes,2025-03-24,2024-06-25,15.986,38.31659586894587,-90.6012982905983,166.71652421652422,991.1962013295346,-0.01,-0.01,466,156,117,014_2024_06_25_Level1.csv,103,15.398,Yes,2025-03-24,0,0,0,0,7,1,1,1,0,1,0,0,10,0,0,0,0,1,0,0,0,0,yes,NA
014_2024_07_23.csv,014,2024,07,23,csv,Yes,2025-03-24,2024-07-23,15.583333333333332,38.31675277083333,-90.60161929166668,170.88,998.4541666666668,-0.02,-0.02,582,195,160,014_2024_07_23_Level1.csv,129,12.633,Yes,2025-03-24,0,0,0,0,3,1,2,1,0,1,0,0,6,0,0,0,0,1,0,0,0,0,yes,NA
014_2024_08_13.csv,014,2024,08,13,csv,Yes,2025-03-24,2024-08-13,15.767666666666669,38.31653402640264,-90.60143376237625,165.75907590759076,999.815621562156,0.08,0.07777777777777778,360,120,101,014_2024_08_13_Level1.csv,84,13.126666666666669,Yes,2025-03-24,0,0,0,0,3,1,0,0,0,1,0,0,12,0,0,0,0,1,0,0,0,0,yes,NA
018_2024_06_06.csv,018,2024,06,06,csv,Yes,2025-03-24,2024-06-06,21.330333333333332,37.89884945906433,-90.62801580409356,265.5565789473684,979.2569200779728,0.05,0.05,825,275,228,018_2024_06_06_Level1.csv,197,18.096666666666668,Yes,2025-03-24,2,2,0,0,4,2,0,0,2,2,0,0,12,0,0,0,0,1,0,0,0,0,yes,NA
018_2024_06_25.csv,018,2024,06,25,csv,Yes,2025-03-24,2024-06-25,19.184,37.89906227722772,-90.62758567656763,265.6897689768977,980.8316831683168,0.13,0.13555555555555557,379,127,101,018_2024_06_25_Level1.csv,82,16.270333333333333,Yes,2025-03-24,0,1,0,0,7,2,0,0,2,1,0,0,20,0,0,0,0,2,0,0,0,0,yes,NA
018_2024_07_23.csv,018,2024,07,23,csv,Yes,2025-03-24,2024-07-23,20.866333333333333,37.898877839195976,-90.628538040201,272.5554438860972,987.0184254606364,0.04,0.04,704,235,199,018_2024_07_23_Level1.csv,159,16.748333333333335,Yes,2025-03-24,0,0,0,0,16,2,0,0,0,2,0,0,11,0,0,0,0,1,0,0,0,0,yes,NA
018_2024_08_13.csv,018,2024,08,13,csv,Yes,2025-03-24,2024-08-13,20.21666666666667,37.89886170426065,-90.62863388471176,263.43333333333334,988.3542188805346,0.08,0.08666666666666667,430,144,133,018_2024_08_13_Level1.csv,106,15.835666666666668,Yes,2025-03-24,0,0,0,0,9,1,0,0,1,1,0,0,17,0,0,0,0,1,0,0,0,0,yes,NA
021_2024_06_06.csv,021,2024,06,06,csv,Yes,2025-03-24,2024-06-06,32.218333333333334,37.98176472386588,-90.32359103550296,227.507100591716,983.7279421433268,0.02,0.02222222222222222,1138,380,338,021_2024_06_06_Level1.csv,276,26.246333333333332,Yes,2025-03-24,0,0,0,0,9,2,0,0,5,2,0,0,19,0,0,0,0,2,0,0,0,0,yes,NA
021_2024_06_25.csv,021,2024,06,25,csv,Yes,2025-03-24,2024-06-25,31.578666666666667,37.98194274603175,-90.3236545873016,227.30650793650793,985.4814814814816,0.06,0.06,721,241,210,021_2024_06_25_Level1.csv,166,25.527333333333335,Yes,2025-03-24,0,0,0,0,19,2,0,0,4,2,0,0,16,0,0,0,0,2,0,0,0,0,yes,NA
021_2024_07_23.csv,021,2024,07,23,csv,Yes,2025-03-24,2024-07-23,31.858,37.98187659259259,-90.32353318518518,234.05975308641976,991.8785185185184,0.08,0.08,456,153,135,021_2024_07_23_Level1.csv,114,28.315333333333335,Yes,2025-03-24,0,0,0,0,12,1,0,0,4,1,0,0,15,0,0,0,0,2,0,0,0,0,yes,NA
021_2024_08_13.csv,021,2024,08,13,csv,Yes,2025-03-24,2024-08-13,31.913,37.98188169036335,-90.3234330015798,225.7499210110585,992.7591363875724,0.02,0.02,677,226,211,021_2024_08_13_Level1.csv,172,25.626333333333335,Yes,2025-03-24,0,0,0,0,20,2,0,0,3,2,0,0,18,0,0,0,0,2,0,0,0,0,yes,NA
030_2024_06_07.csv,030,2024,06,07,csv,Yes,2025-03-24,2024-06-07,8.443999999999999,36.92905074074074,-90.28595826210828,114.54814814814814,1001.932383665717,0.59,0.6,449,150,117,030_2024_06_07_Level1.csv,117,8.443999999999999,Yes,2025-03-24,0,0,0,0,0,1,0,0,0,1,0,0,0,0,0,0,0,1,0,0,0,0,NA,NA
030_2024_06_28.csv,030,2024,06,28,csv,Yes,2025-03-24,2024-06-28,6.292,36.92850461538462,-90.28664764957266,107.52179487179488,996.8210826210828,3.15,3.15,271,91,78,030_2024_06_28_Level1.csv,78,6.292,Yes,2025-03-24,0,0,0,0,0,0,0,0,0,0,0,0,0,0,0,0,0,0,0,0,0,0,NA,NA
030_2024_07_24.csv,030,2024,07,24,csv,Yes,2025-03-24,2024-07-24,7.213666666666667,36.92889848184819,-89.13942561904761,113.13111111111112,1007.958941798942,0.14,0.14,392,131,105,030_2024_07_24_Level1.csv,105,7.213666666666667,Yes,2025-03-24,0,0,0,0,0,1,0,0,1,1,0,0,0,0,0,0,0,0,0,8,0,0,NA,NA
030_2024_08_14.csv,030,2024,08,14,csv,Yes,2025-03-24,2024-08-14,7.054666666666667,36.92897828947368,-90.28591065789472,110.28947368421052,1005.178947368421,0.22,0.22,299,101,76,030_2024_08_14_Level1.csv,76,7.054666666666667,Yes,2025-03-24,0,0,0,0,0,2,0,0,0,2,0,0,0,0,0,0,0,2,0,0,0,0,NA,NA
036_2024_06_07.csv,036,2024,06,07,csv,Yes,2025-03-24,2024-06-07,8.761666666666667,37.138241256410254,-90.7745461025641,157.1105128205128,997.0714529914528,0.54,0.5633333333333334,510,171,130,036_2024_06_07_Level1.csv,105,7.159,Yes,2025-03-24,0,0,0,0,0,1,0,0,0,1,0,0,11,0,0,0,0,1,0,0,0,0,yes,NA
036_2024_06_26.csv,036,2024,06,26,csv,Yes,2025-03-24,2024-06-26,8.079666666666666,37.138385703703705,-90.77453274074074,153.29555555555555,991.5693827160494,0.53,0.5438888888888889,251,85,45,036_2024_06_26_Level1.csv,45,8.079666666666666,Yes,2025-03-24,1,1,0,0,0,1,1,1,0,1,0,0,0,0,0,0,0,2,0,0,0,0,NA,NA
036_2024_07_24.csv,036,2024,07,24,csv,Yes,2025-03-24,2024-07-24,7.882,37.13821883895131,-90.7747277153558,154.87003745318353,1003.3812734082396,0.43,0.5011111111111111,392,132,89,036_2024_07_24_Level1.csv,73,6.663666666666667,Yes,2025-03-24,0,0,0,0,0,1,0,0,1,1,0,0,8,0,0,0,0,1,0,0,0,0,yes,NA
036_2024_08_14.csv,036,2024,08,14,csv,Yes,2025-03-24,2024-08-14,7.7,37.138320200803214,-90.77452582329316,153.09116465863454,1001.1571619812584,0.24666666666666667,0.2677777777777778,304,102,83,036_2024_08_14_Level1.csv,75,7.150333333333333,Yes,2025-03-24,0,0,0,0,0,1,0,0,0,1,0,0,9,0,0,0,0,1,0,0,0,0,yes,NA
039_2024_06_07.csv,039,2024,06,07,csv,Yes,2025-03-24,2024-06-07,23.997333333333337,37.72917081180812,-90.90893643296432,331.86445264452647,975.0059860598606,0.05,0.05,926,309,271,039_2024_06_07_Level1.csv,236,20.698,Yes,2025-03-24,0,0,0,0,6,0,0,0,4,0,0,0,19,0,0,0,0,0,0,0,0,0,yes,NA
039_2024_06_26.csv,039,2024,06,26,csv,Yes,2025-03-24,2024-06-26,24.037333333333333,37.7293836809816,-90.90918897750512,332.379345603272,971.1203817314246,0.01,0.01,553,185,163,039_2024_06_26_Level1.csv,137,21.132,Yes,2025-03-24,0,0,0,0,14,2,0,0,4,2,0,0,23,0,0,0,0,2,0,0,0,0,yes,NA
039_2024_07_26.csv,039,2024,07,26,csv,Yes,2025-03-24,2024-07-26,22.772,37.729245394402035,-90.90897427480915,331.1675572519084,981.5136556403731,-0.01,-0.00666666666666666,396,133,131,039_2024_07_26_Level1.csv,106,16.943,Yes,2025-03-24,0,0,0,0,10,2,2,2,0,2,0,0,16,0,0,0,0,1,0,0,0,0,yes,NA
039_2024_08_14.csv,039,2024,08,14,csv,Yes,2025-03-24,2024-08-14,21.096333333333337,37.729234384787475,-90.90917319910515,335.13691275167787,980.6410141685308,0.03,0.03,540,181,149,039_2024_08_14_Level1.csv,124,17.700333333333333,Yes,2025-03-24,0,0,0,0,7,2,0,0,1,2,0,0,17,0,0,0,0,2,0,0,0,0,yes,NA
046_2024_06_13.csv,046,2024,06,13,csv,Yes,2025-03-24,2024-06-13,7.688,39.56521092827004,-92.63458270042194,216.79493670886075,984.8129395218004,1.16,1.346111111111111,258,87,79,046_2024_06_13_Level1.csv,62,5.951333333333333,Yes,2025-03-24,0,0,0,0,0,1,0,0,0,0,0,0,38,0,0,0,0,1,0,0,0,0,yes,NA
046_2024_07_17.csv,046,2024,07,17,csv,Yes,2025-03-24,2024-07-17,8.721666666666668,39.56432926356589,-92.64016143410852,221.2843023255814,991.467700258398,1.59,1.597777777777778,284,95,86,046_2024_07_17_Level1.csv,86,8.721666666666668,Yes,2025-03-24,0,0,0,0,0,0,0,0,0,0,0,0,0,0,0,0,0,0,0,0,0,0,NA,NA
046_2024_08_05.csv,046,2024,08,05,csv,Yes,2025-03-24,2024-08-05,8.216666666666667,39.56665467532468,-92.63774393939394,215.4017316017316,990.3561327561328,0.225,0.22805555555555557,267,90,77,046_2024_08_05_Level1.csv,73,8.058666666666667,Yes,2025-03-24,1,1,0,0,1,0,0,0,1,0,0,0,2,0,0,0,0,0,0,0,0,0,yes,NA
046_2024_08_22.csv,046,2024,08,22,csv,Yes,2025-03-24,2024-08-22,8.069,39.56627695035461,-92.63674865248228,213.0531914893617,995.4742316784872,1.76,2.026666666666667,210,210,141,046_2024_08_22_Level1.csv,140,8.069,Yes,2025-03-24,0,0,0,0,0,0,0,0,0,0,0,0,0,0,0,0,0,0,0,0,0,0,NA,NA
048_2024_05_22.csv,048,2024,05,22,csv,Yes,2025-03-24,2024-05-22,10.543333333333331,39.75333471264368,-92.5145040229885,240.6852490421456,983.4061302681991,0.09,0.09,693,232,174,048_2024_05_22_Level1.csv,150,9.250666666666666,Yes,2025-03-24,0,0,0,0,0,1,0,0,1,1,0,0,4,0,0,0,0,1,0,0,0,0,yes,NA
048_2024_06_12.csv,048,2024,06,12,csv,Yes,2025-03-24,2024-06-12,9.969666666666669,39.75382507246377,-92.51444152173912,241.143115942029,983.0536231884056,-0.02,-0.02,410,137,92,048_2024_06_12_Level1.csv,77,8.438333333333333,Yes,2025-03-24,0,0,0,0,0,1,1,1,1,0,0,0,6,0,0,0,0,1,0,0,0,0,yes,NA
048_2024_07_10.csv,048,2024,07,10,csv,Yes,2025-03-24,2024-07-10,10.814666666666666,39.75350175,-92.51453,242.53527777777776,985.412962962963,0.1,0.09333333333333334,444,149,120,048_2024_07_10_Level1.csv,120,10.814666666666666,Yes,2025-03-24,0,0,0,0,0,1,0,0,1,1,0,0,2,0,0,0,0,1,0,0,0,0,NA,NA
048_2024_07_31.csv,048,2024,07,31,csv,Yes,2025-03-24,2024-07-31,10.025,39.75361940972222,-92.51458472222222,240.73715277777777,983.698148148148,0.07,0.07,384,129,96,048_2024_07_31_Level1.csv,77,7.949333333333334,Yes,2025-03-24,1,1,0,0,1,2,0,0,0,2,0,0,13,0,0,0,0,2,0,0,0,0,yes,NA
049_2024_06_05.csv,049,2024,06,05,csv,Yes,2025-03-24,2024-06-05,6.273,39.74865872881356,-92.49388550847458,240.3093220338983,979.1728813559322,0.21,0.21166666666666667,185,185,118,049_2024_06_05_Level1.csv,93,5.782,Yes,2025-03-24,1,3,0,0,2,0,0,0,0,0,0,0,3,0,0,0,0,0,0,0,0,0,yes,NA
049_2024_06_24.csv,049,2024,06,24,csv,Yes,2025-03-24,2024-06-24,7.068,39.748419866666666,-92.49400626666667,241.68333333333337,985.0471111111112,0.12,0.12,244,244,150,049_2024_06_24_Level1.csv,131,6.883,Yes,2025-03-24,2,2,0,0,3,1,0,0,0,1,0,0,5,0,0,0,0,1,0,0,0,0,yes,NA
049_2024_07_22.csv,049,2024,07,22,csv,Yes,2025-03-24,2024-07-22,6.772,39.748585,-92.49465853658536,242.5788617886179,990.1528455284551,0.14,0.14,395,132,82,049_2024_07_22_Level1.csv,82,6.772,Yes,2025-03-24,1,1,0,0,0,1,0,0,0,1,0,0,0,0,0,0,0,1,0,0,0,0,NA,NA
049_2024_08_07.csv,049,2024,08,07,csv,Yes,2025-03-24,2024-08-07,6.218,39.748733448275864,-92.49398574712644,240.62011494252872,984.7961685823756,0.25,0.25,269,91,58,049_2024_08_07_Level1.csv,58,6.218,Yes,2025-03-24,2,2,0,0,0,1,0,0,0,1,0,0,0,0,0,0,0,1,0,0,0,0,NA,NA
053_2024_05_22.csv,053,2024,05,22,csv,Yes,2025-03-24,2024-05-22,2.9936666666666665,40.448438376068374,-92.20146666666666,216.47521367521367,987.3242165242166,0.23,0.23,336,113,39,053_2024_05_22_Level1.csv,39,2.9936666666666665,Yes,2025-03-24,0,0,0,0,0,1,0,0,1,1,0,0,0,0,0,0,0,1,0,0,0,0,NA,NA
053_2024_06_12.csv,053,2024,06,12,csv,Yes,2025-03-24,2024-06-12,2.782,40.44824818181818,-92.20133988636364,218.5125,986.9409090909091,0.53,0.5233333333333333,247,247,88,053_2024_06_12_Level1.csv,84,2.782,Yes,2025-03-24,1,1,0,0,0,0,0,0,3,0,0,0,0,0,0,0,0,0,0,0,0,0,NA,NA
053_2024_07_10.csv,053,2024,07,10,csv,Yes,2025-03-24,2024-07-10,2.9006666666666665,40.44839488372093,-92.20142178294572,216.23720930232557,988.4682170542636,0.15,0.16,337,113,43,053_2024_07_10_Level1.csv,43,2.9006666666666665,Yes,2025-03-24,0,0,0,0,0,2,0,0,0,2,0,0,0,0,0,0,0,2,0,0,0,0,NA,NA
053_2024_07_31.csv,053,2024,07,31,csv,Yes,2025-03-24,2024-07-31,2.805,40.44829023529412,-92.20144952941176,218.4141176470588,987.4133333333334,0.26,0.26333333333333336,201,201,85,053_2024_07_31_Level1.csv,68,2.76,Yes,2025-03-24,0,0,0,0,2,0,0,0,1,0,0,0,5,0,0,0,0,0,0,0,0,0,yes,NA
057_2024_05_22.csv,057,2024,05,22,csv,Yes,2025-03-24,2024-05-22,6.23,40.18052275555556,-91.82828173333334,197.72622222222225,989.68,0.17,0.17055555555555557,330,111,75,057_2024_05_22_Level1.csv,59,4.908333333333333,Yes,2025-03-24,1,1,0,0,1,2,0,0,1,2,0,0,17,0,0,0,0,2,0,0,0,0,yes,NA
057_2024_06_12.csv,057,2024,06,12,csv,Yes,2025-03-24,2024-06-12,7.155,40.18036861788618,-91.8280662195122,198.5951219512195,988.730081300813,0.07,0.07388888888888889,310,104,82,057_2024_06_12_Level1.csv,80,7.086333333333333,Yes,2025-03-24,1,1,0,0,1,2,0,0,0,2,0,0,3,0,0,0,0,2,0,0,0,0,yes,NA
057_2024_07_10.csv,057,2024,07,10,csv,Yes,2025-03-24,2024-07-10,6.778333333333333,40.18040333333333,-91.82824985507246,200.49101449275364,990.4266666666666,0.01,0.01055555555555555,485,163,115,057_2024_07_10_Level1.csv,115,6.778333333333333,Yes,2025-03-24,1,1,0,0,0,2,0,0,0,2,0,0,2,0,0,0,0,1,0,0,0,0,NA,NA
057_2024_07_31.csv,057,2024,07,31,csv,Yes,2025-03-24,2024-07-31,5.889333333333333,40.18027357142857,-91.82828912698412,201.4424603174603,990.4174603174604,0.05,0.055,410,137,84,057_2024_07_31_Level1.csv,84,5.889333333333333,Yes,2025-03-24,0,0,0,0,1,1,0,0,0,1,0,0,1,0,0,0,0,1,0,0,0,0,NA,NA
070_2024_05_29.csv,070,2024,05,29,csv,Yes,2025-03-24,2024-05-29,4.9623333333333335,38.68706558974359,-94.35861533333332,280.3333333333333,988.051282051282,0.18,0.18722222222222223,283,95,65,070_2024_05_29_Level1.csv,65,4.9623333333333335,Yes,2025-03-24,0,0,0,0,0,1,0,0,1,1,0,0,0,0,0,0,0,1,0,0,0,0,NA,NA
070_2024_06_19.csv,070,2024,06,19,csv,Yes,2025-03-24,2024-06-19,4.847666666666667,38.686995114942526,-94.3584583908046,281.06091954022986,985.7969348659004,0.15,0.15611111111111112,302,102,58,070_2024_06_19_Level1.csv,49,4.174333333333333,Yes,2025-03-24,1,1,0,0,0,0,0,0,0,0,0,0,1,0,0,0,0,0,0,0,0,0,yes,NA
070_2024_07_16.csv,070,2024,07,16,csv,Yes,2025-03-24,2024-07-16,4.532333333333333,38.686910801687766,-94.3584364135021,280.6008438818565,976.0838255977496,0.16,0.16055555555555556,406,136,79,070_2024_07_16_Level1.csv,79,4.532333333333333,Yes,2025-03-24,0,0,0,0,0,0,0,0,0,0,0,0,0,0,0,0,0,1,0,0,0,0,NA,NA
070_2024_08_06.csv,070,2024,08,06,csv,Yes,2025-03-24,2024-08-06,4.787333333333334,38.68705309941521,-94.35859005847954,281.28538011695906,981.8783625730994,0.19,0.19777777777777775,251,84,57,070_2024_08_06_Level1.csv,57,4.787333333333334,Yes,2025-03-24,0,0,0,0,0,1,0,0,0,1,0,0,0,0,0,0,0,1,0,0,0,0,NA,NA
072_2024_07_09.csv,072,2024,07,09,csv,Yes,2025-03-24,2024-07-09,12.973,39.39853906432749,-94.55314078947367,260.47076023391816,982.761403508772,0.18,0.18333333333333335,386,130,114,072_2024_07_09_Level1.csv,110,12.810666666666666,Yes,2025-03-24,0,0,0,0,2,0,0,0,0,0,0,0,3,0,0,0,0,0,0,0,0,0,yes,NA
072_2024_08_06.csv,072,2024,08,06,csv,Yes,2025-03-24,2024-08-06,13.652333333333331,39.39677415458937,-94.55309729468598,260.8408212560386,986.2238325281804,0.08,0.09111111111111111,469,157,138,072_2024_08_06_Level1.csv,134,13.346,Yes,2025-03-24,1,1,0,0,2,0,0,0,0,0,0,0,2,0,0,0,0,0,0,0,0,0,yes,NA
072_2024_08_20.csv,072,2024,08,20,csv,Yes,2025-03-24,2024-08-20,12.472333333333331,39.39900701149425,-94.11889351724136,258.2857471264368,989.694406130268,0.09,0.08555555555555555,470,158,145,072_2024_08_20_Level1.csv,142,12.290666666666668,Yes,2025-03-24,0,0,0,0,1,0,0,0,0,0,0,0,1,0,0,0,0,0,0,4,0,0,yes,NA
072_2024_09_12.csv,072,2024,09,12,csv,Yes,2025-03-24,2024-09-12,14.399666666666668,39.39739895674301,-94.55207844783716,257.0893129770992,981.687871077184,0.22,0.22555555555555556,427,143,131,072_2024_09_12_Level1.csv,131,14.399666666666668,Yes,2025-03-24,1,1,0,0,0,0,0,0,0,0,0,0,0,0,0,0,0,0,0,0,0,0,NA,NA
074_2024_05_30.csv,074,2024,05,30,csv,Yes,2025-03-24,2024-05-30,9.865,39.39399502762431,-94.26253314917128,270.98710865561696,986.9073050951504,0.13,0.13,661,221,181,074_2024_05_30_Level1.csv,181,9.865,Yes,2025-03-24,0,0,0,0,0,1,0,0,0,1,0,0,0,0,0,0,0,1,0,0,0,0,NA,NA
074_2024_06_20.csv,074,2024,06,20,csv,Yes,2025-03-24,2024-06-20,9.544666666666666,39.39398994202899,-94.26248811594203,269.8292753623188,991.3514975845412,0.09,0.09,433,145,115,074_2024_06_20_Level1.csv,94,8.032,Yes,2025-03-24,0,0,0,0,2,1,0,0,0,1,0,0,30,0,0,0,0,1,0,0,0,0,yes,NA
074_2024_07_17.csv,074,2024,07,17,csv,Yes,2025-03-24,2024-07-17,9.331333333333331,39.394124276315786,-94.26263800438596,272.0723684210526,984.3862573099416,-0.02,-0.01222222222222222,554,185,152,074_2024_07_17_Level1.csv,130,8.167333333333334,Yes,2025-03-24,1,1,0,0,3,2,0,0,0,2,0,0,21,0,0,0,0,2,0,0,0,0,yes,NA
074_2024_08_07.csv,074,2024,08,07,csv,Yes,2025-03-24,2024-08-07,9.091333333333331,39.393678333333334,-94.26255138211384,271.84512195121954,984.5100271002708,0.19,0.18555555555555556,317,106,82,074_2024_08_07_Level1.csv,82,9.091333333333331,Yes,2025-03-24,0,0,0,0,0,2,0,0,0,2,0,0,0,0,0,0,0,1,0,0,0,0,NA,NA
078_2024_06_20.csv,078,2024,06,20,csv,Yes,2025-03-24,2024-06-20,5.550333333333334,39.743804098360656,-94.03593683060107,279.39453551912567,990.3169398907104,0.18,0.18666666666666668,305,102,61,078_2024_06_20_Level1.csv,55,5.120333333333333,Yes,2025-03-24,0,0,0,0,1,2,0,0,1,2,0,0,3,0,0,0,0,2,0,0,0,0,yes,NA
078_2024_07_17.csv,078,2024,07,17,csv,Yes,2025-03-24,2024-07-17,5.647,39.743984257425744,-94.03565646864686,280.9976897689769,985.2642464246424,0.14,0.14,466,156,101,078_2024_07_17_Level1.csv,101,5.647,Yes,2025-03-24,0,0,0,0,0,1,0,0,0,1,0,0,0,0,0,0,0,1,0,0,0,0,NA,NA
078_2024_08_07.csv,078,2024,08,07,csv,Yes,2025-03-24,2024-08-07,5.693666666666667,39.743790052083334,-94.03544729166669,281.6822916666667,982.7048611111112,0.31,0.3211111111111111,275,92,64,078_2024_08_07_Level1.csv,64,5.693666666666667,Yes,2025-03-24,1,1,0,0,0,1,0,0,0,1,0,0,0,0,0,0,0,1,0,0,0,0,NA,NA
078_2024_08_28.csv,078,2024,08,28,csv,Yes,2025-03-24,2024-08-28,6.07,39.743566370370374,-94.03519703703704,278.0814814814815,984.2153086419754,0.26,0.26,238,238,135,078_2024_08_28_Level1.csv,135,6.07,Yes,2025-03-24,1,1,0,0,0,0,0,0,0,0,0,0,0,0,0,0,0,0,0,0,0,0,NA,NA
081_2024_05_30.csv,081,2024,05,30,csv,Yes,2025-03-24,2024-05-30,8.071333333333333,39.804115565217394,-94.38088933333331,291.4492753623188,983.7070531400966,0.1,0.10833333333333334,452,151,115,081_2024_05_30_Level1.csv,111,7.980333333333333,Yes,2025-03-24,0,0,0,0,2,1,0,0,0,1,0,0,2,0,3,0,0,1,0,0,0,0,yes,NA
081_2024_06_20.csv,081,2024,06,20,csv,Yes,2025-03-24,2024-06-20,8.149,39.80416675,-94.38069183333332,292.4091666666667,988.7438888888888,0.1,0.1,341,114,80,081_2024_06_20_Level1.csv,67,7.121333333333333,Yes,2025-03-24,0,0,0,0,2,2,0,0,0,2,0,0,16,0,0,0,0,2,0,0,0,0,yes,NA
081_2024_07_17.csv,081,2024,07,17,csv,Yes,2025-03-24,2024-07-17,8.234333333333334,39.80417301587302,-94.38048828042328,296.9597883597884,983.4553791887124,0.05666666666666666,0.05944444444444444,593,198,126,081_2024_07_17_Level1.csv,126,8.234333333333334,Yes,2025-03-24,0,0,0,0,0,1,0,0,0,1,0,0,0,0,0,0,0,2,0,0,0,0,NA,NA
081_2024_08_07.csv,081,2024,08,07,csv,Yes,2025-03-24,2024-08-07,8.041,39.804044273504275,-94.38056752136752,293.7824786324786,981.7868945868946,0.14,0.14,373,125,78,081_2024_08_07_Level1.csv,74,7.901333333333333,Yes,2025-03-24,0,0,0,0,0,1,0,0,0,1,0,0,1,0,0,0,0,1,0,0,0,0,yes,NA
087_2024_05_30.csv,087,2024,05,30,csv,Yes,2025-03-24,2024-05-30,10.184666666666669,39.79613056338028,-93.02718600938968,242.1056338028169,989.1971830985916,0.08333333333333333,0.08888888888888888,556,186,142,087_2024_05_30_Level1.csv,139,10.072666666666668,Yes,2025-03-24,1,1,0,0,1,1,0,0,0,1,0,0,1,0,0,0,0,1,0,0,0,0,yes,NA
087_2024_06_20.csv,087,2024,06,20,csv,Yes,2025-03-24,2024-06-20,10.101,39.79607710622711,-93.02708051282052,241.82014652014652,994.0498168498168,0.07,0.07277777777777779,327,110,91,087_2024_06_20_Level1.csv,72,8.320666666666666,Yes,2025-03-24,1,0,0,0,2,2,0,0,0,2,0,0,33,0,0,0,0,2,0,0,0,0,yes,NA
087_2024_07_17.csv,087,2024,07,17,csv,Yes,2025-03-24,2024-07-17,10.052,39.79617151282051,-93.02732682051284,243.10538461538465,989.040341880342,0.06,0.06,539,180,130,087_2024_07_17_Level1.csv,106,8.443666666666667,Yes,2025-03-24,1,1,0,0,0,2,0,0,0,2,0,0,18,0,0,0,0,2,0,0,0,0,yes,NA
087_2024_08_07.csv,087,2024,08,07,csv,Yes,2025-03-24,2024-08-07,9.967,39.79622066666666,-93.02713641025642,244.7220512820513,984.6181196581196,0.21,0.21555555555555556,298,100,65,087_2024_08_07_Level1.csv,62,9.742,Yes,2025-03-24,0,0,0,0,2,1,0,0,0,1,0,0,3,0,0,0,0,2,0,0,0,0,yes,NA
088_2024_05_15.csv,088,2024,05,15,csv,Yes,2025-03-24,2024-05-15,8.380333333333333,39.66255337209302,-92.99583972868216,227.79651162790697,984.2165374677004,0.02,0.02,409,137,86,088_2024_05_15_Level1.csv,71,6.416666666666667,Yes,2025-03-24,0,0,0,0,0,0,0,0,1,0,0,0,2,0,2,0,0,0,0,0,0,0,yes,NA
088_2024_06_28.csv,088,2024,06,28,csv,Yes,2025-03-24,2024-06-28,8.038666666666666,39.66262772222222,-92.99652394444443,226.985,980.0214814814816,0.04,0.04,415,139,120,088_2024_06_28_Level1.csv,97,5.928,Yes,2025-03-24,0,0,0,0,2,1,0,0,0,1,0,0,6,0,0,0,0,1,0,0,0,0,yes,NA
088_2024_07_22.csv,088,2024,07,22,csv,Yes,2025-03-24,2024-07-22,8.290666666666667,39.662357032520326,-92.9958924390244,228.8089430894309,990.69918699187,0.11,0.11,271,91,82,088_2024_07_22_Level1.csv,82,8.290666666666667,Yes,2025-03-24,0,0,0,0,0,0,0,0,0,0,0,0,0,0,0,0,0,0,0,0,0,0,NA,NA
088_2024_08_13.csv,088,2024,08,13,csv,Yes,2025-03-24,2024-08-13,8.246,39.66221259259259,-92.99578462962964,226.46172839506173,991.9086419753088,0.18,0.18666666666666668,240,240,162,088_2024_08_13_Level1.csv,137,7.086,Yes,2025-03-24,1,0,0,0,0,0,0,0,0,0,0,0,1,0,0,0,0,0,0,0,0,0,yes,NA
088_2024_10_03.csv,088,2024,10,03,csv,Yes,2025-03-24,2024-10-03,7.902,39.66328495652174,-92.9952547826087,234.63304347826087,984.272463768116,0.32,0.33666666666666667,171,171,115,088_2024_10_03_Level1.csv,115,7.902,Yes,2025-03-24,0,2,0,0,0,1,0,0,3,1,0,0,0,0,0,0,0,0,0,0,0,0,NA,NA
089_2024_07_10.csv,089,2024,07,10,csv,Yes,2025-03-24,2024-07-10,21.411,38.26387906040269,-93.4063084228188,217.47712527964205,989.3270693512304,0.88,0.8861111111111111,475,159,149,089_2024_07_10_Level1.csv,149,21.411,Yes,2025-03-24,20,16,0,0,0,1,0,0,0,1,0,0,0,0,0,0,0,1,0,0,0,0,NA,NA
089_2024_07_30.csv,089,2024,07,30,csv,Yes,2025-03-24,2024-07-30,19.964333333333332,38.26384659472422,-93.40623901678656,208.06810551558752,985.37585931255,2.19,2.2983333333333333,443,148,139,089_2024_07_30_Level1.csv,139,19.964333333333332,Yes,2025-03-24,13,7,0,0,0,2,0,0,0,2,0,0,0,0,0,0,0,2,0,0,0,0,NA,NA
089_2024_08_07.csv,089,2024,08,07,csv,Yes,2025-03-24,2024-08-07,11.172,38.26778293939394,-93.41011072727272,213.7778787878788,989.4509090909092,0.18,0.18055555555555555,365,122,110,089_2024_08_07_Level1.csv,110,11.172,Yes,2025-03-24,0,0,0,0,0,0,0,0,0,0,0,0,0,0,0,0,0,0,0,0,0,0,NA,NA
089_2024_08_21.csv,089,2024,08,21,csv,Yes,2025-03-24,2024-08-21,10.009666666666666,38.26430050980392,-92.3339,213.0969348659004,996.0301404853128,4.34,4.3261111111111115,326,109,87,089_2024_08_21_Level1.csv,87,10.009666666666666,Yes,2025-03-24,0,0,0,0,0,0,0,0,0,0,0,0,0,0,0,0,0,0,0,6,0,0,NA,NA
089_2024_08_27.csv,089,2024,08,27,csv,Yes,2025-03-24,2024-08-27,12.957333333333333,38.26656764705882,-93.4089749264706,217.57867647058825,990.0830065359476,0.16,0.16722222222222222,429,144,136,089_2024_08_27_Level1.csv,136,12.957333333333333,Yes,2025-03-24,0,0,0,0,0,0,0,0,0,0,0,0,0,0,0,0,0,0,0,0,0,0,NA,NA
089_2024_09_11.csv,089,2024,09,11,csv,Yes,2025-03-24,2024-09-11,13.275666666666666,38.265716090909095,-93.4069403939394,210.19363636363636,989.899797979798,0.23,0.22722222222222224,396,133,110,089_2024_09_11_Level1.csv,109,13.231333333333334,Yes,2025-03-24,0,0,0,0,1,0,0,0,0,0,0,0,1,0,0,0,0,0,0,0,0,0,yes,NA
091_2024_05_28.csv,091,2024,05,28,csv,Yes,2025-03-24,2024-05-28,4.958,38.00641465863454,-94.04808317269077,220.8128514056225,991.9271753681392,0.22,0.22444444444444445,330,110,83,091_2024_05_28_Level1.csv,83,4.958,Yes,2025-03-24,0,0,0,0,0,2,0,0,1,2,0,0,1,0,0,0,0,1,0,0,0,0,NA,NA
091_2024_06_18.csv,091,2024,06,18,csv,Yes,2025-03-24,2024-06-18,4.901,38.006683333333335,-94.04832465408803,217.55597484276728,985.282180293501,0.06,0.06444444444444444,305,102,53,091_2024_06_18_Level1.csv,51,4.850666666666667,Yes,2025-03-24,0,0,0,0,1,1,0,0,0,1,0,0,3,0,0,0,0,1,0,0,0,0,yes,NA
091_2024_07_15.csv,091,2024,07,15,csv,Yes,2025-03-24,2024-07-15,4.900666666666667,38.006616268656714,-94.04838781094529,218.8965174129353,981.90912106136,0.21,0.2127777777777778,389,130,67,091_2024_07_15_Level1.csv,66,4.868,Yes,2025-03-24,0,0,0,0,1,1,0,0,1,1,0,0,0,0,0,0,0,0,0,0,0,0,yes,NA
091_2024_08_05.csv,091,2024,08,05,csv,Yes,2025-03-24,2024-08-05,4.558,38.00655027522936,-94.0477295412844,216.9678899082569,988.0146788990826,0.33,0.33333333333333337,209,209,109,091_2024_08_05_Level1.csv,108,4.558,Yes,2025-03-24,1,1,0,0,0,0,0,0,3,0,0,0,0,0,0,0,0,0,0,0,0,0,NA,NA
092_2024_05_28.csv,092,2024,05,28,csv,Yes,2025-03-24,2024-05-28,23.707,37.90003487046632,-93.31778056994818,254.29671848013817,989.9012089810016,0.04,0.04666666666666667,689,230,193,092_2024_05_28_Level1.csv,179,23.134,Yes,2025-03-24,0,0,0,0,1,1,0,0,3,1,0,0,12,0,1,0,0,1,0,0,0,0,yes,NA
092_2024_06_27.csv,092,2024,06,27,csv,Yes,2025-03-24,2024-06-27,23.123666666666665,37.89985196190476,-93.31792641904762,256.1049523809524,983.1423492063492,0.05,0.04222222222222222,563,188,175,092_2024_06_27_Level1.csv,139,17.753666666666668,Yes,2025-03-24,0,0,0,0,2,0,0,0,0,0,0,0,8,0,0,0,0,0,0,0,0,0,yes,NA
092_2024_07_15.csv,092,2024,07,15,csv,Yes,2025-03-24,2024-07-15,19.336666666666662,37.899717959927145,-93.31840453551912,255.82276867030964,981.666788099575,0.09,0.09,716,239,183,092_2024_07_15_Level1.csv,147,15.672333333333334,Yes,2025-03-24,2,2,0,0,0,1,0,0,0,1,0,0,28,0,0,0,0,1,0,0,0,0,yes,NA
092_2024_08_05.csv,092,2024,08,05,csv,Yes,2025-03-24,2024-08-05,21.939333333333337,37.900297226666666,-93.31795026666668,251.5944,986.9351111111112,0.12,0.12,485,162,125,092_2024_08_05_Level1.csv,114,20.763666666666666,Yes,2025-03-24,0,0,0,0,0,1,0,0,0,1,0,0,8,0,0,0,0,1,0,0,0,0,yes,NA
093_2024_07_16.csv,093,2024,07,16,csv,Yes,2025-03-24,2024-07-16,28.343,37.68685980309424,-93.75794556962023,262.45147679324896,980.2218471636194,-0.01,-0.01,734,246,237,093_2024_07_16_Level1.csv,194,22.541,Yes,2025-03-24,1,1,0,0,13,0,2,2,2,0,0,0,18,0,0,0,0,0,0,0,0,0,yes,NA
093_2024_08_07.csv,093,2024,08,07,csv,Yes,2025-03-24,2024-08-07,24.682333333333332,37.689330547730826,-93.7614993114241,264.7813771517997,982.19593114241,0,0,643,215,213,093_2024_08_07_Level1.csv,171,20.16,Yes,2025-03-24,0,0,0,0,1,0,3,3,0,0,0,0,6,0,0,0,0,0,0,0,0,0,yes,NA
093_2024_08_27.csv,093,2024,08,27,csv,Yes,2025-03-24,2024-08-27,23.894,37.689085764411026,-93.7619777944862,263.69335839599,986.3642439431914,0.05,0.04277777777777777,832,278,266,093_2024_08_27_Level1.csv,266,23.894,Yes,2025-03-24,0,0,0,0,0,0,0,0,0,0,0,0,0,0,0,0,0,0,0,0,0,0,NA,NA
093_2024_09_03.csv,093,2024,09,03,csv,Yes,2025-03-24,2024-09-03,26.009,37.686717674731185,-93.75909568548389,261.5310483870968,989.85770609319,-0.04,-0.04,820,274,248,093_2024_09_03_Level1.csv,202,21.340333333333337,Yes,2025-03-24,0,0,0,0,10,0,1,1,0,0,0,0,10,0,0,0,0,0,0,0,0,0,yes,NA
096_2024_05_28.csv,096,2024,05,28,csv,Yes,2025-03-24,2024-05-28,20.863666666666667,37.31404463576159,-93.222210794702,387.6476821192053,974.3991169977924,0.05,0.05666666666666666,555,186,151,096_2024_05_28_Level1.csv,133,18.672333333333334,Yes,2025-03-24,0,0,0,0,2,1,2,2,2,1,0,0,4,0,3,0,0,2,0,0,0,0,yes,NA
096_2024_06_18.csv,096,2024,06,18,csv,Yes,2025-03-24,2024-06-18,21.431,37.31453163708087,-93.22178911242604,384.161932938856,969.7643655489808,-0.02,-0.02,591,197,169,096_2024_06_18_Level1.csv,135,17.386333333333333,Yes,2025-03-24,0,0,0,0,25,1,2,2,0,1,0,0,53,0,0,0,0,2,0,0,0,0,yes,NA
096_2024_07_15.csv,096,2024,07,15,csv,Yes,2025-03-24,2024-07-15,19.925666666666665,37.31364543956044,-93.22203758241758,385.5608058608059,966.8954822954825,-0.07,-0.07,663,222,182,096_2024_07_15_Level1.csv,149,17.244,Yes,2025-03-24,0,1,0,0,14,1,1,1,0,1,0,0,11,0,0,0,0,2,0,0,0,0,yes,NA
096_2024_08_05.csv,096,2024,08,05,csv,Yes,2025-03-24,2024-08-05,19.544333333333334,37.31348311155914,-93.22217717741935,382.13629032258063,972.114605734767,0.08,0.08,469,157,124,096_2024_08_05_Level1.csv,106,17.113666666666667,Yes,2025-03-24,0,0,0,0,11,1,0,0,3,1,0,0,3,0,0,0,0,1,0,0,0,0,yes,NA
098-AX_2024_06_27.csv,098-AX,2024,06,27,csv,Yes,2025-03-24,2024-06-27,11.050666666666666,36.60704042553191,-93.31222177304964,279.22021276595746,981.4567375886523,1.48,1.48,363,122,94,098-AX_2024_06_27_Level1.csv,84,9.777666666666669,Yes,2025-03-24,0,0,0,0,0,0,0,0,0,0,0,0,4,0,0,0,0,0,0,0,0,0,yes,NA
098_2024_05_23.csv,098,2024,05,23,csv,Yes,2025-03-24,2024-05-23,16.261,36.60816106382979,-93.31307936170212,278.7113475177305,977.4609929078016,6.57,6.583333333333334,364,122,94,098_2024_05_23_Level1.csv,88,15.512,Yes,2025-03-24,1,1,0,0,1,1,0,0,0,1,0,0,1,0,4,0,0,1,0,0,0,0,yes,NA
098_2024_06_27.csv,098,2024,06,27,csv,Yes,2025-03-24,2024-06-27,65.66933333333333,36.59569571666667,-93.31320815833334,279.7463333333333,981.7501111111112,1.75,1.8111111111111111,1350,451,400,098_2024_06_27_Level1.csv,329,52.143,Yes,2025-03-24,0,0,0,0,11,0,0,0,0,0,0,0,17,0,0,0,0,0,0,0,0,0,yes,NA
098_2024_07_24.csv,098,2024,07,24,csv,Yes,2025-03-24,2024-07-24,61.61266666666667,36.59648831018519,-93.31276126736113,279.64537037037036,987.4975308641976,-0.03,-0.01611111111111111,1781,594,576,098_2024_07_24_Level1.csv,537,57.355,Yes,2025-03-24,0,0,0,0,3,0,1,1,0,0,0,0,3,0,0,0,0,0,0,0,0,0,yes,NA
098_2024_09_24.csv,098,2024,09,24,csv,Yes,2025-03-24,2024-09-24,40.282333333333334,36.59989,-93.31426232931727,280.99678714859436,979.6637215528782,1.01,1.0094444444444444,335,113,83,098_2024_09_24_Level1.csv,68,38.89133333333333,Yes,2025-03-24,0,0,0,0,11,1,0,0,0,1,0,0,7,0,0,0,0,1,0,0,0,0,yes,NA
110_2024_06_07.csv,110,2024,06,07,csv,Yes,2025-03-24,2024-06-07,8.027,37.99566433333333,-91.69135841666667,313.94708333333335,975.6755555555555,0.195,0.2036111111111111,285,95,80,110_2024_06_07_Level1.csv,80,8.027,Yes,2025-03-24,0,1,0,0,0,1,0,0,1,1,0,0,3,0,0,0,0,1,0,0,0,0,NA,NA
110_2024_06_26.csv,110,2024,06,26,csv,Yes,2025-03-24,2024-06-26,8.459666666666667,37.995709497716895,-91.69119698630136,312.5118721461187,974.8639269406392,0.12,0.12777777777777777,314,105,73,110_2024_06_26_Level1.csv,70,8.332333333333334,Yes,2025-03-24,0,0,0,0,1,1,0,0,0,1,0,0,2,0,0,0,0,2,0,0,0,0,yes,NA
110_2024_07_24.csv,110,2024,07,24,csv,Yes,2025-03-24,2024-07-24,7.882,37.13821883895131,-90.7747277153558,154.87003745318353,1003.3812734082396,0.43,0.5011111111111111,392,132,89,110_2024_07_24_Level1.csv,73,6.663666666666667,Yes,2025-03-24,0,0,0,0,0,1,0,0,1,1,0,0,8,0,0,0,0,1,0,0,0,0,yes,NA
110_2024_08_14.csv,110,2024,08,14,csv,Yes,2025-03-24,2024-08-14,8.096,37.99555923809524,-91.69113595238096,314.7652380952381,979.6615873015872,0.12,0.12333333333333334,342,115,70,110_2024_08_14_Level1.csv,66,7.961,Yes,2025-03-24,0,0,0,0,1,2,0,0,0,2,0,0,3,0,0,0,0,2,0,0,0,0,yes,NA
112_2024_06_06.csv,112,2024,06,06,csv,Yes,2025-03-24,2024-06-06,16.502,37.89831314225053,-90.64286322717622,274.39617834394903,978.3017692852088,0.09,0.09833333333333334,580,194,157,112_2024_06_06_Level1.csv,149,16.204333333333334,Yes,2025-03-24,1,1,0,0,2,0,0,0,0,0,0,0,2,0,0,0,0,1,0,0,0,0,yes,NA
112_2024_06_25.csv,112,2024,06,25,csv,Yes,2025-03-24,2024-06-25,16.921,37.89844816901408,-90.64295943661972,271.1258215962441,979.5311424100156,0.17,0.175,306,102,71,112_2024_06_25_Level1.csv,69,16.848,Yes,2025-03-24,0,0,0,0,3,1,0,0,2,1,0,0,2,0,0,0,0,1,0,0,0,0,yes,NA
112_2024_07_23.csv,112,2024,07,23,csv,Yes,2025-03-24,2024-07-23,13.323333333333334,37.898503675213675,-90.6430492022792,278.02649572649574,985.9589743589744,0.17,0.17,447,150,117,112_2024_07_23_Level1.csv,102,11.628666666666666,Yes,2025-03-24,0,1,0,0,11,1,0,0,1,1,0,0,14,0,0,0,0,1,0,0,0,0,yes,NA
112_2024_08_13.csv,112,2024,08,13,csv,Yes,2025-03-24,2024-08-13,17.056,37.898453693693696,-90.64284204204203,271.4042042042042,987.2756756756756,0.11,0.11,377,126,111,112_2024_08_13_Level1.csv,111,17.056,Yes,2025-03-24,0,0,0,0,2,2,0,0,0,2,0,0,15,0,0,0,0,2,0,0,0,0,NA,NA
112_2024_09_05.csv,112,2024,09,05,csv,Yes,2025-03-24,2024-09-05,16.40566666666667,37.89843232380952,-90.64249036190476,272.9323809523809,987.1700317460316,0,0,579,193,175,112_2024_09_05_Level1.csv,172,16.227333333333334,Yes,2025-03-24,0,0,0,0,3,0,2,1,0,0,0,0,16,0,0,0,0,0,0,0,0,0,yes,NA
114_2024_05_22.csv,114,2024,05,22,csv,Yes,2025-03-24,2024-05-22,9.216,40.00657831804281,-91.97571978593272,210.65688073394497,988.7465851172274,0.13,0.13444444444444445,500,167,109,114_2024_05_22_Level1.csv,89,7.973666666666667,Yes,2025-03-24,0,0,0,0,2,2,0,0,1,2,0,0,5,0,0,0,0,2,0,0,0,0,yes,NA
114_2024_06_12.csv,114,2024,06,12,csv,Yes,2025-03-24,2024-06-12,8.410666666666666,40.00665038314176,-91.97585463601531,211.4950191570881,986.8633461047256,0.05,0.05222222222222222,368,123,87,114_2024_06_12_Level1.csv,85,8.283,Yes,2025-03-24,0,0,0,0,1,1,0,0,0,1,0,0,2,0,0,0,0,1,0,0,0,0,yes,NA
114_2024_07_10.csv,114,2024,07,10,csv,Yes,2025-03-24,2024-07-10,8.431666666666667,40.00664010204082,-91.97605602040817,210.92551020408163,988.6843537414966,0.11,0.11055555555555556,364,122,98,114_2024_07_10_Level1.csv,80,7.291666666666667,Yes,2025-03-24,0,0,0,0,3,1,0,0,0,1,0,0,8,0,0,0,0,1,0,0,0,0,yes,NA
114_2024_07_31.csv,114,2024,07,31,csv,Yes,2025-03-24,2024-07-31,8.671666666666667,40.00663,-91.27093409961684,212.56666666666663,989.2240102171136,0.03,0.03222222222222222,311,104,87,114_2024_07_31_Level1.csv,82,8.44,Yes,2025-03-24,0,0,0,0,4,1,0,0,0,1,0,0,4,0,0,0,0,1,0,4,0,0,yes,NA
115_2024_06_05.csv,115,2024,06,05,csv,Yes,2025-03-24,2024-06-05,7.466,39.708161505376346,-91.86286684587812,210.55483870967743,982.5863799283154,0.06,0.06055555555555556,377,127,93,115_2024_06_05_Level1.csv,73,6.217333333333333,Yes,2025-03-24,1,1,0,0,3,2,0,0,0,2,0,0,5,0,0,0,0,2,0,0,0,0,yes,NA
115_2024_06_24.csv,115,2024,06,24,csv,Yes,2025-03-24,2024-06-24,7.542,39.707841476190474,-91.8627858095238,210.92666666666668,988.2063492063492,0.1,0.1,302,101,70,115_2024_06_24_Level1.csv,59,6.352,Yes,2025-03-24,0,0,0,0,1,1,0,0,0,1,0,0,4,0,0,0,0,1,0,0,0,0,yes,NA
115_2024_07_22.csv,115,2024,07,22,csv,Yes,2025-03-24,2024-07-22,7.431333333333333,39.70813702970297,-91.8627297359736,210.9894389438944,993.33201320132,0.05,0.05388888888888889,387,129,101,115_2024_07_22_Level1.csv,88,6.493,Yes,2025-03-24,0,0,0,0,0,2,0,0,0,2,0,0,2,0,0,0,0,2,0,0,0,0,yes,NA
115_2024_08_12.csv,115,2024,08,12,csv,Yes,2025-03-24,2024-08-12,7.441,39.707701621621624,-91.86297468468469,206.41486486486485,993.6666666666666,0.13,0.13277777777777777,370,124,74,115_2024_08_12_Level1.csv,74,7.441,Yes,2025-03-24,0,0,0,0,0,0,0,0,1,0,0,0,0,0,0,0,0,0,0,0,0,0,NA,NA
117_2024_06_07.csv,117,2024,06,07,csv,Yes,2025-03-24,2024-06-07,7.964,38.906270422535215,-92.12254915492956,250.53098591549295,982.77558685446,0.21,0.215,198,198,142,117_2024_06_07_Level1.csv,142,7.964,Yes,2025-03-24,0,0,0,0,0,0,0,0,0,0,0,0,0,0,0,0,0,0,0,0,0,0,NA,NA
117_2024_06_27.csv,117,2024,06,27,csv,Yes,2025-03-24,2024-06-27,7.363,38.90627088888889,-92.12292125925926,253.04666666666668,981.3570370370372,0.21,0.21,189,189,135,117_2024_06_27_Level1.csv,123,7.177,Yes,2025-03-24,3,2,0,0,4,0,0,0,0,0,0,0,3,0,0,0,0,0,0,0,0,0,yes,NA
117_2024_07_19.csv,117,2024,07,19,csv,Yes,2025-03-24,2024-07-19,7.475,38.90646713375797,-92.12266165605097,254.79299363057325,991.6348195329088,0.14,0.14,216,216,157,117_2024_07_19_Level1.csv,156,7.475,Yes,2025-03-24,1,1,0,0,0,0,0,0,0,0,0,0,0,0,0,0,0,2,0,0,0,0,NA,NA
117_2024_08_02.csv,117,2024,08,02,csv,Yes,2025-03-24,2024-08-02,7.68,38.90599794117647,-92.1227104117647,252.45470588235295,987.6235294117648,0.12,0.12333333333333334,250,250,170,117_2024_08_02_Level1.csv,156,7.509,Yes,2025-03-24,0,0,0,0,2,0,0,0,0,0,0,0,2,0,0,0,0,0,0,0,0,0,yes,NA
120_2024_05_29.csv,120,2024,05,29,csv,Yes,2025-03-24,2024-05-29,12.674,38.8134457183908,-94.3536323275862,278.7416666666667,989.2942528735632,0.06,0.06,455,152,116,120_2024_05_29_Level1.csv,116,12.674,Yes,2025-03-24,0,0,0,0,0,2,0,0,2,2,0,0,7,0,0,0,0,1,0,0,0,0,NA,NA
120_2024_06_21.csv,120,2024,06,21,csv,Yes,2025-03-24,2024-06-21,12.080333333333334,38.81386211764706,-94.35291207843136,276.99607843137255,988.2355555555556,0.09,0.09333333333333334,286,96,85,120_2024_06_21_Level1.csv,78,11.038,Yes,2025-03-24,1,1,0,0,1,1,0,0,1,1,0,0,4,0,0,0,0,1,0,0,0,0,yes,NA
120_2024_07_19.csv,120,2024,07,19,csv,Yes,2025-03-24,2024-07-19,13.596333333333334,38.81325204724409,-94.3533297375328,279.6049868766404,987.1793525809272,0.03,0.03,452,151,127,120_2024_07_19_Level1.csv,102,10.123333333333331,Yes,2025-03-24,0,0,0,0,1,1,0,0,0,1,0,0,9,0,0,0,0,1,0,0,0,0,yes,NA
120_2024_08_06.csv,120,2024,08,06,csv,Yes,2025-03-24,2024-08-06,13.781,38.812639042553194,-94.35283964539008,275.48758865248226,983.1929078014184,0.11,0.11,339,113,94,120_2024_08_06_Level1.csv,77,11.620666666666668,Yes,2025-03-24,0,0,0,0,3,1,0,0,0,1,0,0,13,0,0,0,0,1,0,0,0,0,yes,NA
121_2024_05_29.csv,121,2024,05,29,csv,Yes,2025-03-24,2024-05-29,5.022333333333333,39.0619284981685,-93.6698182051282,227.02454212454217,993.0617826617828,0.38,0.38333333333333336,392,131,91,121_2024_05_29_Level1.csv,91,5.022333333333333,Yes,2025-03-24,0,0,0,0,0,1,0,0,1,1,0,0,0,0,0,0,0,1,0,0,0,0,NA,NA
121_2024_06_19.csv,121,2024,06,19,csv,Yes,2025-03-24,2024-06-19,5.082666666666667,39.061787135416665,-93.66974625,226.81770833333337,993.4909722222222,0.17,0.17833333333333334,301,101,64,121_2024_06_19_Level1.csv,50,4.0489999999999995,Yes,2025-03-24,0,0,0,0,0,1,0,0,1,1,0,0,28,0,0,0,0,1,0,0,0,0,yes,NA
121_2024_07_16.csv,121,2024,07,16,csv,Yes,2025-03-24,2024-07-16,5.027666666666667,39.062031619047616,-93.66944242857144,227.73,985.5980952380952,0.21,0.2177777777777778,326,109,70,121_2024_07_16_Level1.csv,70,5.027666666666667,Yes,2025-03-24,0,0,0,0,0,1,0,0,1,1,0,0,0,0,0,0,0,1,0,0,0,0,NA,NA
121_2024_08_06.csv,121,2024,08,06,csv,Yes,2025-03-24,2024-08-06,4.832,39.06210087719298,-93.66968,228.48508771929824,989.9146198830408,0.38,0.38666666666666666,226,226,114,121_2024_08_06_Level1.csv,99,4.644,Yes,2025-03-24,0,0,0,0,2,0,0,0,1,0,0,0,3,0,0,0,0,0,0,0,0,0,yes,NA
133_2024_05_22.csv,133,2024,05,22,csv,Yes,2025-03-24,2024-05-22,12.718333333333334,40.170833475177304,-92.65611796690308,242.05555555555551,983.9536643026004,0.14,0.13722222222222225,535,179,141,133_2024_05_22_Level1.csv,141,12.718333333333334,Yes,2025-03-24,0,0,0,0,0,1,0,0,3,1,0,0,4,0,0,0,0,1,0,0,0,0,NA,NA
133_2024_06_12.csv,133,2024,06,12,csv,Yes,2025-03-24,2024-06-12,12.713666666666668,40.1706161707989,-92.65602917355372,242.76088154269976,984.9079889807164,0.08,0.07777777777777778,428,143,121,133_2024_06_12_Level1.csv,96,10.539,Yes,2025-03-24,0,0,0,0,2,2,0,0,0,2,0,0,7,0,0,0,0,1,0,0,0,0,yes,NA
133_2024_07_10.csv,133,2024,07,10,csv,Yes,2025-03-24,2024-07-10,12.827,40.170617865707435,-92.65672175059952,239.84076738609113,985.7864108713028,0.02,0.02111111111111111,533,178,139,133_2024_07_10_Level1.csv,122,11.986666666666666,Yes,2025-03-24,0,0,0,0,4,0,0,0,0,0,0,0,11,0,0,0,0,0,0,0,0,0,yes,NA
133_2024_07_30.csv,133,2024,07,30,csv,Yes,2025-03-24,2024-07-30,12.831333333333331,40.170316666666665,-92.65645227138644,240,982.1832841691248,0.08,0.08,453,151,113,133_2024_07_30_Level1.csv,96,11.244333333333334,Yes,2025-03-24,0,0,0,0,2,2,0,0,0,2,0,0,13,0,0,0,0,2,0,0,0,0,yes,NA
134_2024_05_23.csv,134,2024,05,23,csv,Yes,2025-03-24,2024-05-23,5.3036666666666665,39.99063266666667,-93.81064509803922,268.61960784313726,979.4949019607844,0.15,0.15,357,120,85,134_2024_05_23_Level1.csv,76,4.837,Yes,2025-03-24,0,0,0,0,0,2,0,0,0,2,0,0,5,0,0,0,0,2,0,0,0,0,yes,NA
134_2024_06_10.csv,134,2024,06,10,csv,Yes,2025-03-24,2024-06-10,5.043,39.99071940298508,-93.81067174129352,266.33830845771143,983.4766169154228,0.08,0.08611111111111111,284,95,67,134_2024_06_10_Level1.csv,53,4.064666666666667,Yes,2025-03-24,1,0,0,0,1,1,0,0,0,1,0,0,6,0,0,0,0,0,0,0,0,0,yes,NA
134_2024_07_08.csv,134,2024,07,08,csv,Yes,2025-03-24,2024-07-08,5.852,39.9905656547619,-93.81072726190476,270.7732142857143,983.0515873015872,0.03,0.03444444444444444,312,105,56,134_2024_07_08_Level1.csv,50,5.618666666666667,Yes,2025-03-24,0,0,0,0,0,1,1,1,0,1,0,0,1,0,0,0,0,1,0,0,0,0,yes,NA
134_2024_07_29.csv,134,2024,07,29,csv,Yes,2025-03-24,2024-07-29,5.579666666666667,39.99063758454106,-93.81068096618358,267.512077294686,978.2460547504028,0.05,0.05,323,108,69,134_2024_07_29_Level1.csv,64,5.381666666666667,Yes,2025-03-24,1,1,0,0,2,2,0,0,0,2,0,0,1,0,0,0,0,1,0,0,0,0,yes,NA
139_2024_05_15.csv,139,2024,05,15,csv,Yes,2025-03-24,2024-05-15,5.226,39.72273052083334,-92.91937010416667,248.88125,981.9194444444444,0.44,0.455,138,138,96,139_2024_05_15_Level1.csv,83,4.537,Yes,2025-03-24,0,0,0,0,0,0,0,0,0,0,0,0,5,0,0,0,0,0,0,0,0,0,yes,NA
139_2024_06_14.csv,139,2024,06,14,csv,Yes,2025-03-24,2024-06-14,5.123,39.722984558823526,-92.9194481372549,250.43235294117648,987.3598039215686,0.14,0.1438888888888889,287,96,68,139_2024_06_14_Level1.csv,52,3.837666666666667,Yes,2025-03-24,0,0,0,0,2,0,0,0,0,0,0,0,31,0,0,0,0,0,0,0,0,0,yes,NA
139_2024_07_11.csv,139,2024,07,11,csv,Yes,2025-03-24,2024-07-11,5.043,39.72269452991453,-92.9191070940171,250.06581196581195,988.3555555555556,0.18,0.18833333333333332,193,193,117,139_2024_07_11_Level1.csv,107,4.841,Yes,2025-03-24,0,0,0,0,1,0,0,0,0,0,0,0,3,0,0,0,0,0,0,0,0,0,yes,NA
139_2024_08_01.csv,139,2024,08,01,csv,Yes,2025-03-24,2024-08-01,5.262,39.722998137254905,-92.9193374509804,245.27450980392155,984.7006535947712,0.31,0.32,160,160,102,139_2024_08_01_Level1.csv,96,5.126,Yes,2025-03-24,1,2,0,0,1,0,0,0,0,0,0,0,2,0,0,0,0,0,0,0,0,0,yes,NA
145_2024_07_15.csv,145,2024,07,15,csv,Yes,2025-03-24,2024-07-15,23.325,39.52276502793296,-91.646428566108,187.83817504655497,988.9045313469896,-0.04,-0.04388888888888889,570,191,179,145_2024_07_15_Level1.csv,142,17.654333333333334,Yes,2025-03-24,0,0,0,0,3,0,1,1,2,0,0,0,16,0,0,0,0,0,0,0,0,0,yes,NA
145_2024_08_08.csv,145,2024,08,08,csv,Yes,2025-03-24,2024-08-08,24.447666666666667,39.52220109347443,-91.64639613756614,185.26437389770723,992.2596119929456,0.01,0.00277777777777777,612,205,189,145_2024_08_08_Level1.csv,189,24.447666666666667,Yes,2025-03-24,0,0,0,0,0,1,2,2,0,1,0,0,0,0,0,0,0,2,0,0,0,0,NA,NA
145_2024_08_23.csv,145,2024,08,23,csv,Yes,2025-03-24,2024-08-23,23.836,39.52298137037037,-91.64708827160494,184.9512345679012,997.0854320987654,-0.11,-0.11,915,306,270,145_2024_08_23_Level1.csv,224,17.037333333333333,Yes,2025-03-24,0,0,0,0,4,0,2,2,0,0,0,0,6,0,0,0,0,0,0,0,0,0,yes,NA
145_2024_08_29.csv,145,2024,08,29,csv,Yes,2025-03-24,2024-08-29,22.777666666666665,39.52240356321839,-91.64681039408867,177.41773399014778,995.791351943076,0.03,0.03,663,221,203,145_2024_08_29_Level1.csv,203,22.777666666666665,Yes,2025-03-24,0,0,0,0,0,1,0,0,1,1,0,0,0,0,0,0,0,1,0,0,0,0,NA,NA
149_2024_07_10.csv,149,2024,07,10,csv,Yes,2025-03-24,2024-07-10,23.913,38.20364393939394,-92.6267118560606,202.24583333333337,992.3949494949496,0.1,0.09777777777777778,552,185,176,149_2024_07_10_Level1.csv,176,23.913,Yes,2025-03-24,0,0,0,0,0,0,0,0,1,0,0,0,0,0,0,0,0,0,0,0,0,0,NA,NA
149_2024_07_30.csv,149,2024,07,30,csv,Yes,2025-03-24,2024-07-30,26.020666666666667,38.203809575757575,-92.6271967878788,198.50954545454545,987.3232323232324,0.04,0.04444444444444444,671,225,220,149_2024_07_30_Level1.csv,209,24.123333333333335,Yes,2025-03-24,0,0,0,0,1,1,0,0,0,1,0,0,1,0,0,0,0,1,0,0,0,0,yes,NA
149_2024_08_14.csv,149,2024,08,14,csv,Yes,2025-03-24,2024-08-14,24.05633333333333,38.20379941548183,-92.62787492101106,201.5385466034755,994.2286466561349,0.07,0.07,655,219,211,149_2024_08_14_Level1.csv,206,23.744666666666667,Yes,2025-03-24,0,0,0,0,0,0,0,0,0,0,0,0,1,0,0,0,0,0,0,0,0,0,yes,NA
149_2024_09_25.csv,149,2024,09,25,csv,Yes,2025-03-24,2024-09-25,23.503,38.20460037878788,-92.6283871969697,198.2651515151515,991.439393939394,0.52,0.5283333333333333,190,190,132,149_2024_09_25_Level1.csv,105,22.753,Yes,2025-03-24,0,0,0,0,1,0,5,5,3,0,0,0,5,0,0,0,0,0,0,0,0,0,yes,NA
150_2024_05_29.csv,150,2024,05,29,csv,Yes,2025-03-24,2024-05-29,6.139666666666667,39.03307657232705,-93.3678508490566,215.68553459119497,995.388679245283,0.18,0.18,392,131,106,150_2024_05_29_Level1.csv,86,4.843333333333334,Yes,2025-03-24,1,0,0,0,0,1,0,0,1,1,0,0,13,0,0,0,0,1,0,0,0,0,yes,NA
150_2024_06_19.csv,150,2024,06,19,csv,Yes,2025-03-24,2024-06-19,6.016666666666667,39.03272208333333,-93.36791013888887,215.33333333333337,995.3074074074074,0.2,0.2,302,101,72,150_2024_06_19_Level1.csv,62,5.431333333333333,Yes,2025-03-24,2,1,0,0,0,0,0,0,1,0,0,0,6,0,0,0,0,0,0,0,0,0,yes,NA
150_2024_07_16.csv,150,2024,07,16,csv,Yes,2025-03-24,2024-07-16,5.976333333333334,39.03310523148148,-93.36783824074074,215.5296296296296,986.85987654321,0.17,0.17277777777777778,361,121,72,150_2024_07_16_Level1.csv,70,5.926666666666667,Yes,2025-03-24,0,0,0,0,1,1,0,0,0,1,0,0,0,0,0,0,0,1,0,0,0,0,yes,NA
150_2024_08_06.csv,150,2024,08,06,csv,Yes,2025-03-24,2024-08-06,5.8406666666666665,39.033067884615384,-93.3675814102564,218.75064102564104,991.1700854700854,0.32,0.33111111111111113,258,87,52,150_2024_08_06_Level1.csv,48,5.662,Yes,2025-03-24,0,0,0,0,3,1,0,0,0,1,0,0,5,0,0,0,0,0,0,0,0,0,yes,NA
163_2024_05_20.csv,163,2024,05,20,csv,Yes,2025-03-24,2024-05-20,2.713,40.02127855072464,-94.43690927536232,291.88695652173914,976.1468599033816,0.33,0.33666666666666667,164,164,69,163_2024_05_20_Level1.csv,66,2.699,Yes,2025-03-24,0,0,0,0,0,0,0,0,0,0,0,0,2,0,0,0,0,0,0,0,0,0,yes,NA
163_2024_06_10.csv,163,2024,06,10,csv,Yes,2025-03-24,2024-06-10,2.464,40.02119522727273,-94.43712375,287.6409090909091,980.5318181818182,5.48,5.431666666666667,247,247,88,163_2024_06_10_Level1.csv,84,2.464,Yes,2025-03-24,4,2,0,0,1,0,0,0,6,0,0,0,1,0,0,0,0,0,0,0,0,0,NA,NA
163_2024_07_08.csv,163,2024,07,08,csv,Yes,2025-03-24,2024-07-08,2.758,40.02099157142857,-94.43731428571428,287.5285714285714,981.0495238095236,0.11,0.11,223,223,70,163_2024_07_08_Level1.csv,59,2.738,Yes,2025-03-24,0,0,0,0,1,2,1,1,0,2,0,0,3,0,0,0,0,1,0,0,0,0,yes,NA
163_2024_07_29.csv,163,2024,07,29,csv,Yes,2025-03-24,2024-07-29,2.416,40.02102932432432,-94.43718175675676,284.1635135135135,975.7549549549548,2.24,2.265,203,203,74,163_2024_07_29_Level1.csv,59,2.259,Yes,2025-03-24,1,1,0,0,4,1,0,0,3,1,0,0,2,0,0,0,0,0,0,0,0,0,yes,NA
164_2024_05_21.csv,164,2024,05,21,csv,Yes,2025-03-24,2024-05-21,7.173,40.22509869565217,-93.11515144927536,265.4119565217391,969.7333333333332,0.05,0.04833333333333334,387,129,92,164_2024_05_21_Level1.csv,77,5.932666666666667,Yes,2025-03-24,0,0,0,0,0,1,0,0,1,1,0,0,3,0,0,0,0,1,0,0,0,0,yes,NA
164_2024_06_11.csv,164,2024,06,11,csv,Yes,2025-03-24,2024-06-11,8.520333333333333,40.225357289719625,-93.11578230529597,262.7299065420561,981.889927310488,-0.03,-0.03,430,144,107,164_2024_06_11_Level1.csv,85,7.015666666666666,Yes,2025-03-24,1,1,0,0,0,1,3,3,1,1,0,0,6,0,0,0,0,1,0,0,0,0,yes,NA
164_2024_07_09.csv,164,2024,07,09,csv,Yes,2025-03-24,2024-07-09,7.242333333333333,40.2249925093633,-93.11528378277154,265.898127340824,982.0429463171037,0.09,0.09,359,120,89,164_2024_07_09_Level1.csv,78,6.556666666666667,Yes,2025-03-24,0,0,0,0,0,2,0,0,0,2,0,0,3,0,0,0,0,2,0,0,0,0,yes,NA
164_2024_07_30.csv,164,2024,07,30,csv,Yes,2025-03-24,2024-07-30,7.291333333333333,40.22513172222222,-93.11577638888888,263.1961111111111,983,0.15,0.1511111111111111,256,86,60,164_2024_07_30_Level1.csv,50,5.956333333333333,Yes,2025-03-24,1,1,0,0,0,2,0,0,0,2,0,0,1,0,0,0,0,2,0,0,0,0,yes,NA
169_2024_05_29.csv,169,2024,05,29,csv,Yes,2025-03-24,2024-05-29,3.457333333333333,38.874240111111114,-94.31487322222222,285.9838888888889,988.1585185185186,0.17,0.18,251,84,60,169_2024_05_29_Level1.csv,56,3.3040000000000003,Yes,2025-03-24,0,0,0,0,0,1,0,0,0,1,0,0,0,0,2,0,0,1,0,0,0,0,yes,NA
169_2024_06_19.csv,169,2024,06,19,csv,Yes,2025-03-24,2024-06-19,3.2783333333333333,38.87417701388889,-94.31501951388888,284.69166666666666,986.3805555555556,0.12,0.125,264,89,48,169_2024_06_19_Level1.csv,48,3.2783333333333333,Yes,2025-03-24,0,0,0,0,0,1,0,0,0,1,0,0,0,0,0,0,0,2,0,0,0,0,NA,NA
169_2024_07_16.csv,169,2024,07,16,csv,Yes,2025-03-24,2024-07-16,3.2686666666666664,38.874301705426355,-94.31497302325582,285.4984496124031,976.4516795865632,0.2,0.205,301,101,43,169_2024_07_16_Level1.csv,43,3.2686666666666664,Yes,2025-03-24,0,0,0,0,0,1,0,0,0,1,0,0,0,0,0,0,0,1,0,0,0,0,NA,NA
169_2024_08_06.csv,169,2024,08,06,csv,Yes,2025-03-24,2024-08-06,3.253,38.87424033707865,-94.31501235955056,286.3561797752809,982.8823970037454,0.17,0.17,209,209,89,169_2024_08_06_Level1.csv,77,3.044,Yes,2025-03-24,0,0,0,0,1,0,0,0,1,0,0,0,1,0,0,0,0,0,0,0,0,0,yes,NA
179_2024_05_21.csv,179,2024,05,21,csv,Yes,2025-03-24,2024-05-21,7.982,40.42718484848485,-94.85793393939394,330.4069264069264,962.4617604617604,0.2,0.215,295,99,77,179_2024_05_21_Level1.csv,74,7.670666666666667,Yes,2025-03-24,0,0,0,0,1,1,0,0,0,1,0,0,3,0,1,0,0,1,0,0,0,0,yes,NA
179_2024_06_11.csv,179,2024,06,11,csv,Yes,2025-03-24,2024-06-11,8.850333333333333,40.42696677248677,-94.85783269841272,328.27222222222224,975.047619047619,0.06,0.06333333333333334,476,159,126,179_2024_06_11_Level1.csv,103,6.852666666666667,Yes,2025-03-24,0,0,0,0,3,0,0,0,0,0,0,0,11,0,0,0,0,0,0,0,0,0,yes,NA
179_2024_07_09.csv,179,2024,07,09,csv,Yes,2025-03-24,2024-07-09,7.661333333333333,40.426699629629624,-94.85799407407409,328.1744444444444,975.5264197530864,0.12,0.12,419,140,90,179_2024_07_09_Level1.csv,85,7.496333333333333,Yes,2025-03-24,1,1,0,0,3,0,0,0,0,0,0,0,3,0,0,0,0,0,0,0,0,0,yes,NA
179_2024_07_30.csv,179,2024,07,30,csv,Yes,2025-03-24,2024-07-30,8.444333333333333,40.42691296703297,-94.85787106227106,325.85934065934066,971.9179487179488,0.09,0.09,332,112,91,179_2024_07_30_Level1.csv,88,8.307666666666666,Yes,2025-03-24,1,0,0,0,3,1,0,0,0,1,0,0,4,0,0,0,0,1,0,0,0,0,yes,NA
180_2024_05_20.csv,180,2024,05,20,csv,Yes,2025-03-24,2024-05-20,9.540333333333336,40.34966008928571,-95.13284508928572,297.3666666666667,972.3623015873015,0.11,0.1027777777777778,377,127,112,180_2024_05_20_Level1.csv,106,9.236,Yes,2025-03-24,0,0,0,0,3,1,0,0,0,1,0,0,8,0,1,0,0,1,0,0,0,0,yes,NA
180_2024_06_10.csv,180,2024,06,10,csv,Yes,2025-03-24,2024-06-10,8.989333333333333,40.34989575757576,-95.13308484848484,298.78347107438015,976.7599632690542,0.09,0.09222222222222222,455,152,121,180_2024_06_10_Level1.csv,117,8.768666666666666,Yes,2025-03-24,0,0,0,0,2,1,0,0,0,1,0,0,3,0,0,0,0,1,0,0,0,0,yes,NA
180_2024_07_08.csv,180,2024,07,08,csv,Yes,2025-03-24,2024-07-08,9.517,40.34973752688172,-95.13308774193548,301.28494623655916,978.3015531660692,0.02,0.02,380,127,93,180_2024_07_08_Level1.csv,93,9.517,Yes,2025-03-24,0,0,0,0,0,1,0,1,1,1,0,0,0,0,0,0,0,1,0,0,0,0,NA,NA
180_2024_07_29.csv,180,2024,07,29,csv,Yes,2025-03-24,2024-07-29,9.486666666666666,40.34970535714286,-95.1329619345238,298.7377976190476,973.7829365079364,0.07333333333333333,0.0788888888888889,417,139,112,180_2024_07_29_Level1.csv,108,9.324333333333334,Yes,2025-03-24,1,0,0,0,2,1,0,0,0,1,0,0,6,0,0,0,0,1,0,0,0,0,yes,NA
181_2024_05_21.csv,181,2024,05,21,csv,Yes,2025-03-24,2024-05-21,11.069333333333333,40.34912574257426,-94.77662963696368,323.34554455445544,964.0717271727171,1.625,1.6441666666666666,382,128,101,181_2024_05_21_Level1.csv,82,9.4,Yes,2025-03-24,0,0,0,0,0,1,0,0,1,1,0,0,8,0,0,0,0,1,0,0,0,0,yes,NA
181_2024_06_11.csv,181,2024,06,11,csv,Yes,2025-03-24,2024-06-11,11.776,40.34855455284553,-94.77660392953928,319.03143631436313,975.9562782294488,0.08,0.08,486,163,123,181_2024_06_11_Level1.csv,97,9.812333333333331,Yes,2025-03-24,0,0,0,0,0,1,0,0,2,1,0,0,4,0,0,0,0,1,0,0,0,0,yes,NA
181_2024_07_09.csv,181,2024,07,09,csv,Yes,2025-03-24,2024-07-09,11.978333333333332,40.348859467787115,-94.7770462184874,321.94565826330535,976.29243697479,0.08,0.08666666666666667,501,168,119,181_2024_07_09_Level1.csv,94,9.893333333333333,Yes,2025-03-24,0,0,0,0,2,1,0,0,1,1,0,0,17,0,0,0,0,1,0,0,0,0,yes,NA
181_2024_07_30.csv,181,2024,07,30,csv,Yes,2025-03-24,2024-07-30,11.616,40.34847402898551,-94.77645249275362,319.8933333333333,972.184347826087,0.07,0.07,447,150,115,181_2024_07_30_Level1.csv,95,9.884333333333334,Yes,2025-03-24,0,0,0,0,3,0,0,0,0,0,0,0,10,0,0,0,0,1,0,0,0,0,yes,NA
182_2024_05_22.csv,182,2024,05,22,csv,Yes,2025-03-24,2024-05-22,8.859666666666667,40.49768475826972,-91.7667403307888,187.664631043257,990.1842239185752,0.05,0.05,486,163,131,182_2024_05_22_Level1.csv,104,7.269666666666667,Yes,2025-03-24,0,0,0,0,1,2,0,0,1,2,0,0,13,0,0,0,0,2,0,0,0,0,yes,NA
182_2024_06_12.csv,182,2024,06,12,csv,Yes,2025-03-24,2024-06-12,8.018333333333333,40.49762445512821,-91.76667628205128,188.52147435897436,990.2521367521368,0.07,0.07666666666666667,356,120,104,182_2024_06_12_Level1.csv,93,7.260666666666666,Yes,2025-03-24,0,0,0,0,5,2,0,0,0,2,0,0,11,0,0,0,0,2,0,0,0,0,yes,NA
182_2024_07_10.csv,182,2024,07,10,csv,Yes,2025-03-24,2024-07-10,8.717666666666668,40.49765634920635,-91.76675751322752,188.7973544973545,991.8913580246914,-0.05,-0.05,589,197,126,182_2024_07_10_Level1.csv,121,8.446666666666667,Yes,2025-03-24,3,2,0,0,3,2,1,1,0,2,0,0,3,0,0,0,0,1,0,0,0,0,yes,NA
182_2024_07_31.csv,182,2024,07,31,csv,Yes,2025-03-24,2024-07-31,9.151333333333334,40.49765992592593,-91.76673511111112,184.41222222222223,990.1358024691358,0.02,0.02,392,132,90,182_2024_07_31_Level1.csv,86,8.904,Yes,2025-03-24,0,0,0,0,2,1,0,0,0,1,0,0,0,0,0,0,0,1,0,0,0,0,yes,NA
183_2024_05_29.csv,183,2024,05,29,csv,Yes,2025-03-24,2024-05-29,4.09,38.84600064814815,-93.77689916666668,224.7125,995.1,0.16,0.16111111111111112,312,105,72,183_2024_05_29_Level1.csv,70,3.9723333333333337,Yes,2025-03-24,0,1,0,0,0,1,0,0,0,1,0,0,1,0,0,0,0,1,0,0,0,0,yes,NA
183_2024_06_19.csv,183,2024,06,19,csv,Yes,2025-03-24,2024-06-19,4.035666666666667,38.8458877037037,-93.77711607407409,224.01333333333332,993.6395061728394,0.15,0.1572222222222222,288,97,45,183_2024_06_19_Level1.csv,36,3.431666666666666,Yes,2025-03-24,1,1,0,0,1,1,0,0,0,1,0,0,14,0,0,0,0,1,0,0,0,0,yes,NA
183_2024_07_16.csv,183,2024,07,16,csv,Yes,2025-03-24,2024-07-16,4.024333333333333,38.84566166666667,-93.7770394,224.06733333333332,982.9724444444444,0.19,0.195,277,93,50,183_2024_07_16_Level1.csv,43,3.5873333333333335,Yes,2025-03-24,0,0,0,0,0,1,0,0,0,1,0,0,5,0,0,0,0,0,0,0,0,0,yes,NA
183_2024_08_06.csv,183,2024,08,06,csv,Yes,2025-03-24,2024-08-06,3.939,38.845824444444446,-93.77709,226.33796296296296,989.9728395061728,0.17,0.17,221,221,108,183_2024_08_06_Level1.csv,93,3.842,Yes,2025-03-24,0,0,0,0,2,1,0,0,2,1,0,0,2,0,0,0,0,0,0,0,0,0,yes,NA
184_2024_05_28.csv,184,2024,05,28,csv,Yes,2025-03-24,2024-05-28,7.752333333333333,38.59131897435898,-92.80654625,262.0147435897436,988.7388888888888,0.1,0.1,416,139,104,184_2024_05_28_Level1.csv,104,7.752333333333333,Yes,2025-03-24,1,1,0,0,0,1,0,0,0,1,0,0,0,0,0,0,0,1,0,0,0,0,NA,NA
184_2024_06_18.csv,184,2024,06,18,csv,Yes,2025-03-24,2024-06-18,8.413,38.591138217054265,-92.80656856589148,264.29651162790697,981.9834625322998,0.07,0.07,308,103,86,184_2024_06_18_Level1.csv,75,7.782,Yes,2025-03-24,0,0,0,0,3,1,0,0,0,1,0,0,16,0,0,0,0,1,0,0,0,0,yes,NA
184_2024_07_15.csv,184,2024,07,15,csv,Yes,2025-03-24,2024-07-15,7.823,38.59129091503268,-92.80651513071896,267.759477124183,981.084531590414,0.04,0.045,488,163,102,184_2024_07_15_Level1.csv,81,6.200666666666667,Yes,2025-03-24,0,0,0,0,2,1,0,0,0,1,0,0,14,0,0,0,0,1,0,0,0,0,yes,NA
184_2024_08_05.csv,184,2024,08,05,csv,Yes,2025-03-24,2024-08-05,7.759333333333333,38.591272205882355,-92.80652485294118,259.7200980392157,986.1777777777778,0.18,0.18,306,103,68,184_2024_08_05_Level1.csv,68,7.759333333333333,Yes,2025-03-24,1,1,0,0,0,2,0,0,0,2,0,0,0,0,0,0,0,2,0,0,0,0,NA,NA
185_2024_05_21.csv,185,2024,05,21,csv,Yes,2025-03-24,2024-05-21,6.351,40.3983931981982,-94.08679184684684,292.64954954954953,966.9117117117116,0.16,0.15611111111111112,305,103,74,185_2024_05_21_Level1.csv,74,6.351,Yes,2025-03-24,0,0,0,0,0,2,0,0,1,2,0,0,0,0,0,0,0,2,0,0,0,0,NA,NA
185_2024_06_11.csv,185,2024,06,11,csv,Yes,2025-03-24,2024-06-11,6.331333333333333,40.39835823970037,-94.08675490636703,291.5003745318352,979.0776529338326,0,-0.00166666666666666,347,117,89,185_2024_06_11_Level1.csv,89,6.331333333333333,Yes,2025-03-24,0,0,0,0,0,2,1,1,1,2,0,0,0,0,0,0,0,2,0,0,0,0,NA,NA
185_2024_07_09.csv,185,2024,07,09,csv,Yes,2025-03-24,2024-07-09,5.742999999999999,40.39823626126126,-94.08684162162162,289.0162162162162,979.702102102102,0.21,0.21555555555555556,311,104,74,185_2024_07_09_Level1.csv,74,5.742999999999999,Yes,2025-03-24,0,0,0,0,0,1,0,0,0,1,0,0,0,0,0,0,0,1,0,0,0,0,NA,NA
185_2024_07_30.csv,185,2024,07,30,csv,Yes,2025-03-24,2024-07-30,5.694,40.398163140096614,-94.08680927536231,288.60676328502416,975.3114331723028,0.14500000000000002,0.14916666666666667,329,110,69,185_2024_07_30_Level1.csv,67,5.634333333333333,Yes,2025-03-24,1,0,0,0,0,1,0,0,0,1,0,0,2,0,0,0,0,1,0,0,0,0,yes,NA
186_2024_06_06.csv,186,2024,06,06,csv,Yes,2025-03-24,2024-06-06,4.990333333333333,37.73083847953216,-90.6341487134503,312.3695906432749,973.1267056530214,0.26,0.2783333333333333,290,97,57,186_2024_06_06_Level1.csv,57,4.990333333333333,Yes,2025-03-24,0,0,0,0,0,1,0,0,0,1,0,0,0,0,0,0,0,1,0,0,0,0,NA,NA
186_2024_06_25.csv,186,2024,06,25,csv,Yes,2025-03-24,2024-06-25,5.043,37.730732783505154,-90.63430896907217,312.8938144329897,975.0845360824742,0.61,0.62,193,193,97,186_2024_06_25_Level1.csv,80,5.026,Yes,2025-03-24,6,6,0,0,3,0,2,2,6,0,0,0,5,0,0,0,0,0,0,0,0,0,yes,NA
186_2024_07_23.csv,186,2024,07,23,csv,Yes,2025-03-24,2024-07-23,4.808666666666666,37.73075134408602,-90.63401849462366,319.76612903225805,980.8974910394264,0.18,0.19,294,99,62,186_2024_07_23_Level1.csv,62,4.808666666666666,Yes,2025-03-24,1,1,0,0,0,1,0,0,1,1,0,0,0,0,0,0,0,1,0,0,0,0,NA,NA
186_2024_08_13.csv,186,2024,08,13,csv,Yes,2025-03-24,2024-08-13,4.949,37.730847142857144,-90.63413089285714,311.9089285714286,981.6738095238096,0.14,0.14833333333333332,185,185,112,186_2024_08_13_Level1.csv,112,4.949,Yes,2025-03-24,1,1,0,0,0,1,0,0,2,0,0,0,0,0,0,0,0,1,0,0,0,0,NA,NA
192_2024_05_30.csv,192,2024,05,30,csv,Yes,2025-03-24,2024-05-30,4.541333333333333,39.71698949367089,-93.32220143459917,213.0295358649789,993.4914205344584,0.16,0.1688888888888889,333,112,79,192_2024_05_30_Level1.csv,74,4.292,Yes,2025-03-24,1,1,0,0,4,2,0,0,0,2,0,0,3,0,2,0,0,1,0,0,0,0,yes,NA
192_2024_06_20.csv,192,2024,06,20,csv,Yes,2025-03-24,2024-06-20,4.616666666666667,39.71674798611111,-93.32251104166669,207.39791666666667,997.8611111111112,0.06,0.075,261,87,48,192_2024_06_20_Level1.csv,36,3.701,Yes,2025-03-24,0,0,0,0,1,2,0,0,0,2,0,0,8,0,0,0,0,1,0,0,0,0,yes,NA
192_2024_07_17.csv,192,2024,07,17,csv,Yes,2025-03-24,2024-07-17,4.525,39.71704725274725,-93.3224617948718,210.28131868131868,992.5421245421244,0.08,0.08555555555555555,374,126,91,192_2024_07_17_Level1.csv,91,4.525,Yes,2025-03-24,0,0,0,0,0,2,0,0,0,2,0,0,0,0,0,0,0,1,0,0,0,0,NA,NA
192_2024_08_07.csv,192,2024,08,07,csv,Yes,2025-03-24,2024-08-07,5.115,39.71693184397163,-93.3223610638298,211.0950354609929,989.1404255319148,0.13,0.13611111111111113,277,93,47,192_2024_08_07_Level1.csv,44,4.998666666666667,Yes,2025-03-24,2,2,0,0,2,1,0,0,0,1,0,0,2,0,0,0,0,1,0,0,0,0,yes,NA
195_2024_05_20.csv,195,2024,05,20,csv,Yes,2025-03-24,2024-05-20,3.757,40.06307663157895,-94.5383014736842,311.19473684210527,972.7719298245614,0.18,0.18,226,226,95,195_2024_05_20_Level1.csv,85,3.496,Yes,2025-03-24,1,0,0,0,2,1,0,0,1,1,0,0,5,0,3,0,0,1,0,0,0,0,yes,NA
195_2024_06_10.csv,195,2024,06,10,csv,Yes,2025-03-24,2024-06-10,3.6373333333333338,40.06299144444444,-94.53835972222222,312.63944444444445,977.0548148148148,0.1,0.10777777777777778,305,102,60,195_2024_06_10_Level1.csv,58,3.544666666666666,Yes,2025-03-24,0,0,0,0,2,1,0,0,1,1,0,0,2,0,0,0,0,1,0,0,0,0,yes,NA
195_2024_07_08.csv,195,2024,07,08,csv,Yes,2025-03-24,2024-07-08,3.806,40.063041368421054,-94.53839684210529,312.2684210526316,977.8484210526316,0.4,0.4,198,198,95,195_2024_07_08_Level1.csv,80,3.687,Yes,2025-03-24,3,2,0,0,1,2,0,0,1,2,0,0,3,0,0,0,0,0,0,0,0,0,yes,NA
195_2024_07_29.csv,195,2024,07,29,csv,Yes,2025-03-24,2024-07-29,3.599666666666667,40.062914871794874,-94.53844153846153,306.4102564102564,972.6188034188034,0.2,0.205,273,91,52,195_2024_07_29_Level1.csv,51,3.551,Yes,2025-03-24,0,0,0,0,1,0,0,0,0,0,0,0,1,0,0,0,0,0,0,0,0,0,yes,NA
197_2024_06_05.csv,197,2024,06,05,csv,Yes,2025-03-24,2024-06-05,6.637,38.709353233830846,-90.6908795522388,170.70099502487562,985.7160862354892,0.16,0.16,264,89,67,197_2024_06_05_Level1.csv,67,6.637,Yes,2025-03-24,1,1,0,0,0,1,0,0,0,1,0,0,0,0,0,0,0,1,0,0,0,0,NA,NA
197_2024_06_24.csv,197,2024,06,24,csv,Yes,2025-03-24,2024-06-24,6.308,38.70933842105263,-90.6908307518797,172.46165413533834,990.421052631579,0.16,0.1683333333333333,225,225,133,197_2024_06_24_Level1.csv,105,5.325,Yes,2025-03-24,2,2,0,0,4,1,0,0,0,1,0,0,17,0,0,0,0,0,0,0,0,0,yes,NA
197_2024_07_22.csv,197,2024,07,22,csv,Yes,2025-03-24,2024-07-22,6.690333333333333,38.70940563333333,-90.69061566666667,173.97733333333332,994.9137777777778,0.06,0.06,416,139,100,197_2024_07_22_Level1.csv,100,6.690333333333333,Yes,2025-03-24,0,0,0,0,0,0,0,0,0,0,0,0,0,0,0,0,0,1,0,0,0,0,NA,NA
197_2024_08_12.csv,197,2024,08,12,csv,Yes,2025-03-24,2024-08-12,6.31,38.70934312820513,-90.69072,169.65025641025642,997.585641025641,0.15,0.15666666666666668,308,103,65,197_2024_08_12_Level1.csv,65,6.31,Yes,2025-03-24,1,1,0,0,0,1,0,0,0,1,0,0,5,0,0,0,0,1,0,0,0,0,NA,NA
219_2024_06_12.csv,219,2024,06,12,csv,Yes,2025-03-24,2024-06-12,3.9133333333333336,38.994227251461986,-92.48868526315788,235.2736842105263,986.8109161793373,0.12,0.1288888888888889,264,88,57,219_2024_06_12_Level1.csv,46,3.1753333333333336,Yes,2025-03-24,0,0,0,0,0,0,0,0,0,0,0,0,14,0,0,0,0,0,0,0,0,0,yes,NA
219_2024_07_12.csv,219,2024,07,12,csv,Yes,2025-03-24,2024-07-12,4.038,38.99392343137255,-92.48908764705882,236.12941176470588,990.2549019607844,0.18,0.18,173,173,102,219_2024_07_12_Level1.csv,101,4.019,Yes,2025-03-24,0,0,0,0,1,0,0,0,0,0,0,0,1,0,0,0,0,0,0,0,0,0,yes,NA
219_2024_07_29.csv,219,2024,07,29,csv,Yes,2025-03-24,2024-07-29,4.561,38.994146666666666,-92.48870098039215,236.40686274509804,983.6653594771242,0.14,0.14,186,186,102,219_2024_07_29_Level1.csv,102,4.561,Yes,2025-03-24,0,0,0,0,0,0,0,0,0,0,0,0,0,0,0,0,0,0,0,0,0,0,NA,NA
219_2024_08_12.csv,219,2024,08,12,csv,Yes,2025-03-24,2024-08-12,4.185,38.99414236842105,-92.48897513157895,238.3421052631579,990.4929824561405,0.33,0.33166666666666667,118,118,76,219_2024_08_12_Level1.csv,69,3.994,Yes,2025-03-24,0,0,0,0,1,0,0,0,0,0,0,0,2,0,0,0,0,0,0,0,0,0,yes,NA
219_2024_09_06.csv,219,2024,09,06,csv,Yes,2025-03-24,2024-09-06,4.208,38.9941928,-92.4889324,239.691,992.9573333333334,0.29,0.29166666666666663,194,194,100,219_2024_09_06_Level1.csv,87,4.125,Yes,2025-03-24,1,0,0,0,4,2,0,0,1,2,0,0,5,0,0,0,0,1,0,0,0,0,yes,NA
224_2024_05_20.csv,224,2024,05,20,csv,Yes,2025-03-24,2024-05-20,5.637,40.025411367521365,-94.73355898504272,284.642094017094,974.6571225071224,0.03333333333333333,0.03888888888888889,356,119,78,224_2024_05_20_Level1.csv,67,5.012333333333333,Yes,2025-03-24,0,0,0,0,0,1,0,0,0,1,0,0,4,0,0,0,0,1,0,0,0,0,yes,NA
224_2024_06_10.csv,224,2024,06,10,csv,Yes,2025-03-24,2024-06-10,6.195666666666667,40.025623882352946,-94.73305270588236,286.5407843137255,979.4541176470588,0.03,0.03,321,107,85,224_2024_06_10_Level1.csv,81,6.047,Yes,2025-03-24,0,0,0,0,5,1,0,0,0,1,0,0,5,0,0,0,0,1,0,0,0,0,yes,NA
224_2024_07_08.csv,224,2024,07,08,csv,Yes,2025-03-24,2024-07-08,6.364333333333334,40.02558570621469,-94.73313740112997,287.3491525423729,980.3133709981169,0.13,0.13,284,95,59,224_2024_07_08_Level1.csv,48,5.320333333333333,Yes,2025-03-24,0,0,0,0,2,1,0,0,0,1,0,0,7,0,0,0,0,1,0,0,0,0,yes,NA
224_2024_07_29.csv,224,2024,07,29,csv,Yes,2025-03-24,2024-07-29,6.129,40.02553734299517,-94.733092705314,282.6743961352657,975.3011272141708,0.13333333333333333,0.1388888888888889,292,98,69,224_2024_07_29_Level1.csv,66,5.969,Yes,2025-03-24,0,0,0,0,1,1,0,0,0,1,0,0,5,0,0,0,0,1,0,0,0,0,yes,NA
228_2024_05_20.csv,228,2024,05,20,csv,Yes,2025-03-24,2024-05-20,3.666,39.99821174757282,-93.84283563106796,256.447572815534,980.947572815534,0.24,0.25833333333333336,220,220,103,228_2024_05_20_Level1.csv,94,3.5,Yes,2025-03-24,0,0,0,0,0,0,0,0,0,0,0,0,0,0,4,0,0,0,0,0,0,0,yes,NA
228_2024_06_10.csv,228,2024,06,10,csv,Yes,2025-03-24,2024-06-10,3.389,39.99844528301887,-93.84243666666669,245.6433962264151,985.4238993710692,0.16,0.17333333333333334,303,102,53,228_2024_06_10_Level1.csv,51,3.2963333333333336,Yes,2025-03-24,0,0,0,0,2,1,0,0,0,1,0,0,2,0,0,0,0,1,0,0,0,0,yes,NA
228_2024_07_08.csv,228,2024,07,08,csv,Yes,2025-03-24,2024-07-08,3.667,39.99832536363636,-93.8428008181818,250.25181818181815,985.1842424242424,0.17,0.17,249,249,110,228_2024_07_08_Level1.csv,87,3.604,Yes,2025-03-24,3,3,0,0,11,0,0,0,0,0,0,0,16,0,0,0,0,0,0,0,0,0,yes,NA
228_2024_07_29.csv,228,2024,07,29,csv,Yes,2025-03-24,2024-07-29,3.3833333333333333,39.998265673758866,-93.84272439716312,247.11063829787233,980.2401891252956,0.09,0.09,260,88,47,228_2024_07_29_Level1.csv,45,3.2893333333333334,Yes,2025-03-24,0,0,0,0,2,1,0,0,0,1,0,0,2,0,0,0,0,1,0,0,0,0,yes,NA
237_2024_05_21.csv,237,2024,05,21,csv,Yes,2025-03-24,2024-05-21,5.335333333333334,40.20009973958333,-93.10480140625,260.1947916666667,969.495138888889,0.14,0.14722222222222223,262,88,64,237_2024_05_21_Level1.csv,52,4.6673333333333336,Yes,2025-03-24,0,0,0,0,2,2,0,0,0,2,0,0,8,0,2,0,0,1,0,0,0,0,yes,NA
237_2024_06_11.csv,237,2024,06,11,csv,Yes,2025-03-24,2024-06-11,5.199666666666666,40.20019361111111,-93.10467847222222,260.29212962962964,982.143827160494,0.08,0.08,369,123,72,237_2024_06_11_Level1.csv,72,5.199666666666666,Yes,2025-03-24,0,0,0,0,0,2,0,0,0,2,0,0,2,0,0,0,0,1,0,0,0,0,NA,NA
237_2024_07_09.csv,237,2024,07,09,csv,Yes,2025-03-24,2024-07-09,5.3116666666666665,40.200157,-93.1048360952381,262.09285714285716,982.3866666666668,0.05,0.05777777777777777,387,130,70,237_2024_07_09_Level1.csv,68,5.219333333333333,Yes,2025-03-24,1,2,0,0,0,1,0,0,0,1,0,0,2,0,0,0,0,1,0,0,0,0,yes,NA
237_2024_07_30.csv,237,2024,07,30,csv,Yes,2025-03-24,2024-07-30,5.112,40.20032077380952,-93.10479279761904,257.82440476190476,982.1444444444444,0.06,0.06444444444444444,262,88,56,237_2024_07_30_Level1.csv,53,4.998666666666667,Yes,2025-03-24,2,1,0,0,2,1,0,0,0,1,0,0,6,0,0,0,0,1,0,0,0,0,yes,NA
272_2024_06_05.csv,272,2024,06,05,csv,Yes,2025-03-24,2024-06-05,1.2033333333333334,39.42374141025641,-91.67446307692308,206.23333333333332,982.5282051282052,1.17,1.2661111111111112,255,86,26,272_2024_06_05_Level1.csv,26,1.2033333333333334,Yes,2025-03-24,0,0,0,0,0,0,0,0,0,0,0,0,0,0,0,0,0,0,0,0,0,0,NA,NA
272_2024_06_24.csv,272,2024,06,24,csv,Yes,2025-03-24,2024-06-24,1.097,39.42343666666667,-91.67463087719298,202.82456140350877,988.0163742690058,0.41,0.4116666666666666,218,218,57,272_2024_06_24_Level1.csv,45,1.082,Yes,2025-03-24,2,1,0,0,1,1,5,5,1,1,0,0,9,0,0,0,0,1,0,0,0,0,yes,NA
272_2024_07_22.csv,272,2024,07,22,csv,Yes,2025-03-24,2024-07-22,1.233,39.42377632183908,-91.6745875862069,208.75632183908047,993.4896551724138,4.803333333333333,4.799444444444444,262,88,29,272_2024_07_22_Level1.csv,29,1.233,Yes,2025-03-24,1,0,0,0,0,2,0,0,0,2,0,0,0,0,0,0,0,2,0,0,0,0,NA,NA
272_2024_08_12.csv,272,2024,08,12,csv,Yes,2025-03-24,2024-08-12,1.283,39.42369857142857,-91.67447742857144,200.4,994.384761904762,5.61,5.575,114,114,35,272_2024_08_12_Level1.csv,34,1.283,Yes,2025-03-24,0,0,0,0,0,0,0,0,1,0,0,0,0,0,0,0,0,0,0,0,0,0,NA,NA
274_2024_06_07.csv,274,2024,06,07,csv,Yes,2025-03-24,2024-06-07,27.068,38.750010771349864,-91.08126267217632,209.95247933884295,989.2541781450872,1.2666666666666666,1.431111111111111,383,128,121,274_2024_06_07_Level1.csv,96,20.637666666666668,Yes,2025-03-24,0,0,0,0,5,0,0,0,0,0,0,0,5,0,0,0,0,0,0,0,0,0,yes,NA
274_2024_06_27.csv,274,2024,06,27,csv,Yes,2025-03-24,2024-06-27,29.374666666666663,38.7500496069869,-91.08151513828238,206.7676855895197,987.4676370693838,8.379999999999999,8.179444444444444,803,268,229,274_2024_06_27_Level1.csv,188,23.232,Yes,2025-03-24,0,0,0,0,5,0,0,0,0,0,0,0,13,0,0,0,0,0,0,0,0,0,yes,NA
274_2024_07_18.csv,274,2024,07,18,csv,Yes,2025-03-24,2024-07-18,29.980333333333338,38.75047046594982,-91.08181516129032,206.5983870967742,996.9289127837516,0.07,0.07222222222222223,571,191,186,274_2024_07_18_Level1.csv,153,23.331,Yes,2025-03-24,0,0,0,0,13,1,0,0,0,1,0,0,13,0,0,0,0,1,0,0,0,0,yes,NA
274_2024_07_31.csv,274,2024,07,31,csv,Yes,2025-03-24,2024-07-31,24.825333333333333,38.74987539393939,-91.08171289696968,208.5727272727273,989.7866666666666,0.48,0.4805555555555555,862,288,275,274_2024_07_31_Level1.csv,225,19.265333333333334,Yes,2025-03-24,1,1,0,0,7,0,0,0,0,0,0,0,7,0,0,0,0,0,0,0,0,0,yes,NA
317_2024_05_30.csv,317,2024,05,30,csv,Yes,2025-03-24,2024-05-30,4.446666666666666,39.815442628205126,-94.38337185897436,287.62884615384615,983.7564102564102,0.19,0.19444444444444445,269,91,52,317_2024_05_30_Level1.csv,42,3.8393333333333337,Yes,2025-03-24,0,0,0,0,0,1,0,0,0,1,0,0,3,0,0,0,0,1,0,0,0,0,yes,NA
317_2024_06_20.csv,317,2024,06,20,csv,Yes,2025-03-24,2024-06-20,4.642,39.815388053097344,-94.38328247787612,289.22389380530973,989.34395280236,0.16,0.16,238,238,113,317_2024_06_20_Level1.csv,91,4.079,Yes,2025-03-24,3,3,0,0,0,2,0,0,0,2,0,0,18,0,0,0,0,1,0,0,0,0,yes,NA
317_2024_07_17.csv,317,2024,07,17,csv,Yes,2025-03-24,2024-07-17,4.533333333333333,39.81547247619048,-94.38325233333332,289.14285714285717,984.5085714285714,0.11,0.11611111111111112,364,122,70,317_2024_07_17_Level1.csv,58,3.7,Yes,2025-03-24,0,0,0,0,0,1,0,0,1,1,0,0,10,0,0,0,0,2,0,0,0,0,yes,NA
317_2024_08_07.csv,317,2024,08,07,csv,Yes,2025-03-24,2024-08-07,4.446,39.815398928571426,-94.38316508928573,289.13214285714287,982.1261904761903,0.24,0.24,201,201,112,317_2024_08_07_Level1.csv,101,4.264,Yes,2025-03-24,0,0,0,0,0,0,0,0,1,0,0,0,1,0,0,0,0,0,0,0,0,0,yes,NA
411_2024_06_06.csv,411,2024,06,06,csv,Yes,2025-03-24,2024-06-06,7.069,38.89540539007092,-92.3529059574468,205.11843971631205,986.8879432624112,0.26,0.26055555555555554,272,92,47,411_2024_06_06_Level1.csv,39,5.9576666666666664,Yes,2025-03-24,1,1,0,0,1,0,3,2,0,0,0,0,8,0,0,0,0,0,0,0,0,0,yes,NA
411_2024_06_28.csv,411,2024,06,28,csv,Yes,2025-03-24,2024-06-28,7.277,38.895560402684566,-92.35315953020134,199.98724832214765,981.2456375838926,0.13,0.12333333333333334,227,227,149,411_2024_06_28_Level1.csv,133,7.101,Yes,2025-03-24,0,1,0,0,1,0,0,0,0,0,0,0,2,0,0,0,0,1,0,0,2,0,yes,NA
411_2024_07_12.csv,411,2024,07,12,csv,Yes,2025-03-24,2024-07-12,7.431,38.89559915384616,-92.35298638461538,208.03307692307692,993.6410256410256,0.27,0.27,176,176,130,411_2024_07_12_Level1.csv,121,7.225,Yes,2025-03-24,0,0,0,0,3,0,0,0,0,0,0,0,5,0,0,0,0,0,0,0,0,0,yes,NA
411_2024_08_02.csv,411,2024,08,02,csv,Yes,2025-03-24,2024-08-02,7.629,38.89527729927007,-92.35314532846716,206.43649635036496,992.47201946472,0.09,0.09,204,204,137,411_2024_08_02_Level1.csv,130,7.405,Yes,2025-03-24,2,3,0,0,2,0,0,0,0,0,0,0,6,0,0,0,0,0,0,0,0,0,yes,NA
438_2024_02_28.csv,438,2024,02,28,csv,Yes,2025-03-24,2024-02-28,3.5423333333333336,38.90137806306306,-92.34169301801802,218.7171171171171,997.5009009009008,3.88,5.292222222222223,402,134,74,438_2024_02_28_Level1.csv,70,3.4273333333333333,Yes,2025-03-24,0,1,0,0,1,0,0,0,2,0,0,0,1,0,2,0,0,0,0,0,0,0,yes,NA
438_2024_05_17.csv,438,2024,05,17,csv,Yes,2025-03-24,2024-05-17,4.162,38.90144817307692,-92.34183807692308,218.4903846153846,982.0935897435896,1.24,1.2966666666666666,208,208,104,438_2024_05_17_Level1.csv,103,4.162,Yes,2025-03-24,1,2,0,0,0,0,0,0,0,0,0,0,8,0,0,0,0,0,0,0,0,0,NA,NA
438_2024_06_14.csv,438,2024,06,14,csv,Yes,2025-03-24,2024-06-14,4.36,38.90129694736842,-92.34207357894736,223.59473684210525,990.0589473684212,0.28,0.29666666666666663,172,172,95,438_2024_06_14_Level1.csv,94,4.356,Yes,2025-03-24,3,4,0,0,2,0,0,0,1,0,0,0,2,0,0,0,0,0,0,0,0,0,yes,NA
438_2024_07_05.csv,438,2024,07,05,csv,Yes,2025-03-24,2024-07-05,3.784,38.901491265822784,-92.34248037974685,222.86708860759492,987.6590717299578,0.25,0.25666666666666665,137,137,79,438_2024_07_05_Level1.csv,75,3.713,Yes,2025-03-24,0,0,0,0,1,1,0,0,1,0,0,0,3,0,0,0,0,1,0,0,0,0,yes,NA
438_2024_07_19.csv,438,2024,07,19,csv,Yes,2025-03-24,2024-07-19,4.211,38.9015,-92.34191377777778,225.4711111111111,994.754074074074,0.55,0.575,148,148,90,438_2024_07_19_Level1.csv,90,4.211,Yes,2025-03-24,0,0,0,0,1,1,0,0,0,1,0,0,7,0,0,0,0,1,0,0,0,0,NA,NA
438_2024_07_26.csv,438,2024,07,26,csv,Yes,2025-03-24,2024-07-26,3.675,38.9013178125,-92.341683125,217.65,991.1416666666668,0.81,0.8533333333333333,119,119,64,438_2024_07_26_Level1.csv,50,3.22,Yes,2025-03-24,1,1,0,0,1,0,0,0,2,0,0,0,0,0,0,0,0,0,0,0,0,0,yes,NA
440_2024_06_11.csv,440,2024,06,11,csv,Yes,2025-03-24,2024-06-11,4.488,38.8935745631068,-91.73749242718446,242.37087378640777,986.0466019417476,0.16,0.16666666666666669,188,188,103,440_2024_06_11_Level1.csv,95,4.295,Yes,2025-03-24,1,2,0,0,1,0,0,0,1,0,0,0,13,0,0,0,0,0,0,0,0,0,yes,NA
440_2024_07_12.csv,440,2024,07,12,csv,Yes,2025-03-24,2024-07-12,4.649,38.89374696428571,-91.73744258928572,243.78125,990.4880952380952,0.11,0.115,195,195,112,440_2024_07_12_Level1.csv,112,4.649,Yes,2025-03-24,0,0,0,0,0,0,0,0,0,0,0,0,1,0,0,0,0,0,0,0,0,0,NA,NA
440_2024_07_29.csv,440,2024,07,29,csv,Yes,2025-03-24,2024-07-29,4.559,38.89374478632479,-91.73739538461538,242.33675213675212,981.988603988604,0.06,0.06,244,244,117,440_2024_07_29_Level1.csv,116,4.559,Yes,2025-03-24,4,3,0,0,0,0,0,0,0,0,0,0,1,0,0,0,0,0,0,0,0,0,NA,NA
440_2024_08_12.csv,440,2024,08,12,csv,Yes,2025-03-24,2024-08-12,4.513,38.89381347368421,-91.73744484210526,242.4547368421053,989.7852631578946,0.35,0.365,133,133,95,440_2024_08_12_Level1.csv,95,4.513,Yes,2025-03-24,1,1,0,0,0,0,0,0,0,0,0,0,2,0,0,0,0,0,0,0,0,0,NA,NA
440_2024_09_06.csv,440,2024,09,06,csv,Yes,2025-03-24,2024-09-06,4.353,38.89369475728155,-91.73745213592233,245.44466019417476,990.8181229773464,0.23,0.23333333333333336,202,202,103,440_2024_09_06_Level1.csv,92,4.22,Yes,2025-03-24,2,2,0,0,4,0,0,0,0,0,0,0,4,0,0,0,0,1,0,0,0,0,yes,NA
454_2024_06_06.csv,454,2024,06,06,csv,Yes,2025-03-24,2024-06-06,8.048333333333334,38.333708047138046,-90.6543892929293,158.63973063973063,990.6356902356902,0.06,0.06166666666666667,426,143,99,454_2024_06_06_Level1.csv,97,7.925,Yes,2025-03-24,0,0,0,0,1,1,0,0,0,1,0,0,3,0,0,0,0,1,0,0,0,0,yes,NA
454_2024_06_25.csv,454,2024,06,25,csv,Yes,2025-03-24,2024-06-25,8.45,38.33371656716418,-90.6544770646766,158.78756218905474,992.5572139303482,0.26,0.26611111111111113,292,98,67,454_2024_06_25_Level1.csv,62,8.089,Yes,2025-03-24,0,0,0,0,4,1,0,0,0,1,0,0,3,0,0,0,0,1,0,0,0,0,yes,NA
454_2024_07_23.csv,454,2024,07,23,csv,Yes,2025-03-24,2024-07-23,8.598,38.33375437681159,-90.6544116231884,159.15971014492754,999.2784541062802,0.03,0.03,446,149,115,454_2024_07_23_Level1.csv,115,8.598,Yes,2025-03-24,0,0,0,0,0,1,0,0,0,1,0,0,0,0,0,0,0,1,0,0,0,0,NA,NA
454_2024_08_13.csv,454,2024,08,13,csv,Yes,2025-03-24,2024-08-13,8.514,38.33373902439025,-90.65442609756096,156.88292682926829,1000.729539295393,0.08,0.08,332,111,82,454_2024_08_13_Level1.csv,82,8.514,Yes,2025-03-24,2,2,0,0,0,2,0,0,0,2,0,0,6,0,0,0,0,2,0,0,0,0,NA,NA
