Kor MEASUREMENT DATA FILE EXPORT,,,,,,,,,,,,,,,,,,,,,,,,,,,,,
,,,,,,,,,,,,,,,,,,,,,,,,,,,,,
FILE CREATED:,12/18/2025 22:24,,,,,,,,,,,,,,,,,,,,,,,,,,,,
,,,,,,,,,,,,,,,,,,,,,,,,,,,,,
MEAN VALUE:,,,,,0.67,1.97,736.4,0.67,1.07,93.1,155.6,101,0.07,157.7,3.885,3.909,5.526,91,11.92,93.7,38.10158,-91.45437,263.7,216.9,NA,-72.8,12.1,0,3.975
STANDARD DEVIATION:,,,,,0.26,1.53,0,0.22,0.37,0.2,0.2,0,0,0.2,2.266,2.265,3.224,1.4,0.18,1.4,0.00003,0.00003,9.2,0.5,0.02,1.2,0,0,0.051
,,,,,,,,,,,,,,,,,,,,,,,,,,,,,
SENSOR SERIAL NUMBER:,,,,,23L100114,24D104466,21J101674,23L100114,24D104466,17C104840,17C104840,17C104840,17C104840,17C104840,24E102415,24E102415,24E102415,23L102120,23L102120,23L102120,21J101674,21J101674,21J101674,23L103548,23L103548,23L103548,21J101674,21J101674,17C104840
TIME (h:mm:ss tt),DATE (M/d/yyyy),FILE NAME,SITE NAME,FAULT CODE,TAL PC RFU,TAL PE RFU,BAROMETER MMHG,CHLOROPHYLL RFU,CHLOROPHYLL RFU,COND µS/CM,SPCOND µS/CM,TDS MG/L,SAL PSU,NLF COND µS/CM,DEPTH M,VERTICAL POSITION M,PRESSURE PSI A,ODO % SAT,ODO MG/L,ODO % CB,GPS LATITUDE °,GPS LONGITUDE °,ALTITUDE M,ORP MV,PH,PH MV,CABLE PWR V,BATTERY V,TEMP °C
1:18:43 PM,12/17/2025,251217-131655-111C20042.bin,111C20042,0,1.67,3.2,736.3,1.73,1.74,93,155.5,101,0.07,157.5,7.292,7.299,10.372,87.1,11.42,89.7,38.10159,-91.4544,266,217,7.73,-71.2,12.1,0,3.969
1:18:42 PM,12/17/2025,251217-131655-111C20042.bin,111C20042,0,1.71,4.43,736.4,1.48,1.85,93,155.5,101,0.07,157.5,7.278,7.285,10.351,87,11.41,89.7,38.10159,-91.45439,265.6,217,7.74,-71.2,12.1,0,3.969
1:18:41 PM,12/17/2025,251217-131655-111C20042.bin,111C20042,0,1.6,6.54,736.4,1.42,1.95,93,155.4,101,0.07,157.4,7.277,7.29,10.351,87,11.41,89.7,38.10159,-91.45439,265.1,217,7.74,-71.2,12.1,0,3.97
1:18:40 PM,12/17/2025,251217-131655-111C20042.bin,111C20042,0,1.32,8.44,736.4,1.22,2.11,92.9,155.3,101,0.07,157.4,7.277,7.267,10.35,87,11.41,89.7,38.10159,-91.45439,265,217,7.74,-71.3,12.1,0,3.972
1:18:39 PM,12/17/2025,251217-131655-111C20042.bin,111C20042,0,0.98,10.77,736.4,0.97,2.42,92.9,155.3,101,0.07,157.3,7.276,7.263,10.349,87.1,11.42,89.7,38.1016,-91.45438,264.1,217.1,7.74,-71.3,12.1,0,3.977
1:18:38 PM,12/17/2025,251217-131655-111C20042.bin,111C20042,0,0.86,7.77,736.4,0.88,2.14,93,155.4,101,0.07,157.5,7.276,7.288,10.349,87.1,11.42,89.7,38.1016,-91.45438,263.3,217.1,7.74,-71.3,12.1,0,3.987
1:18:37 PM,12/17/2025,251217-131655-111C20042.bin,111C20042,0,0.74,4.14,736.4,0.82,1.77,93,155.4,101,0.07,157.4,7.287,7.293,10.365,87.1,11.4,89.7,38.1016,-91.45438,262,217.1,7.74,-71.3,12.1,0,4
1:18:36 PM,12/17/2025,251217-131655-111C20042.bin,111C20042,0,0.97,4.12,736.4,0.9,1.89,92.9,155,101,0.07,157,7.286,7.287,10.364,87,11.38,89.6,38.1016,-91.45438,261.7,217.1,7.74,-71.4,12.1,0,4.035
1:18:35 PM,12/17/2025,251217-131655-111C20042.bin,111C20042,0,1.35,4.7,736.4,1.08,2.13,93,155,101,0.07,157.1,7.272,7.281,10.344,87.1,11.39,89.7,38.1016,-91.45438,261.8,217.2,7.74,-71.4,12.1,0,4.055
1:18:34 PM,12/17/2025,251217-131655-111C20042.bin,111C20042,0,1.4,4.86,736.4,1.15,2.19,93.1,155.1,101,0.07,157.1,7.249,7.256,10.311,87.3,11.42,90,38.10161,-91.45437,261.2,217.2,7.74,-71.4,12.1,0,4.062
1:18:33 PM,12/17/2025,251217-131655-111C20042.bin,111C20042,0,1.35,4.61,736.4,1.16,2.05,93.1,155.1,101,0.07,157.1,7.255,7.253,10.319,88,11.51,90.7,38.1016,-91.45437,261.3,217.3,7.74,-71.4,12.1,0,4.062
1:18:32 PM,12/17/2025,251217-131655-111C20042.bin,111C20042,0,1.16,4.48,736.4,1.08,1.81,93,155.1,101,0.07,157.2,7.264,7.281,10.332,89.3,11.69,92,38.1016,-91.45437,261.6,217.3,7.74,-71.4,12.1,0,4.046
1:18:31 PM,12/17/2025,251217-131655-111C20042.bin,111C20042,0,1.06,3.68,736.4,0.95,1.56,93,155.3,101,0.07,157.3,7.236,7.249,10.292,90.5,11.87,93.3,38.1016,-91.45437,261.1,217.4,7.74,-71.3,12.1,0,4.014
1:18:30 PM,12/17/2025,251217-131655-111C20042.bin,111C20042,0,1.23,2.79,736.4,0.93,1.42,93,155.6,101,0.07,157.6,7.183,7.183,10.217,91.1,11.96,93.9,38.10161,-91.45436,259.3,217.5,7.74,-71.2,12.1,0,3.943
1:18:29 PM,12/17/2025,251217-131655-111C20042.bin,111C20042,0,1.2,3.21,736.4,0.89,1.63,92.9,155.6,101,0.07,157.6,7.174,7.173,10.204,91,11.95,93.8,38.10162,-91.45436,257.2,217.6,7.73,-71.1,12.1,0,3.921
1:18:28 PM,12/17/2025,251217-131655-111C20042.bin,111C20042,0,0.93,2.85,736.4,0.79,1.56,92.9,155.6,101,0.07,157.6,7.121,7.164,10.129,90.9,11.93,93.6,38.10162,-91.45435,255.1,217.6,7.73,-71.1,12.1,0,3.92
1:18:27 PM,12/17/2025,251217-131655-111C20042.bin,111C20042,0,0.65,1.77,736.4,0.64,1.11,92.9,155.6,101,0.07,157.6,7.029,7.052,9.997,90.9,11.93,93.6,38.10162,-91.45435,254.1,217.6,7.73,-71.2,12.1,0,3.919
1:18:26 PM,12/17/2025,251217-131655-111C20042.bin,111C20042,0,0.52,1.43,736.4,0.57,0.97,92.9,155.6,101,0.07,157.6,6.896,6.923,9.808,90.9,11.94,93.7,38.10163,-91.45434,252.8,217.4,7.74,-71.3,12.1,0,3.914
1:18:25 PM,12/17/2025,251217-131655-111C20042.bin,111C20042,0,0.55,1.44,736.4,0.6,0.93,92.9,155.6,101,0.07,157.6,6.753,6.833,9.605,90.9,11.94,93.6,38.10162,-91.45434,253,217.4,7.74,-71.3,12.1,0,3.91
1:18:24 PM,12/17/2025,251217-131655-111C20042.bin,111C20042,0,0.56,1.46,736.4,0.61,0.89,93,155.7,101,0.07,157.7,6.562,6.665,9.333,90.9,11.93,93.6,38.10162,-91.45434,251.7,217.4,7.74,-71.4,12.1,0,3.917
1:18:23 PM,12/17/2025,251217-131655-111C20042.bin,111C20042,0,0.55,1.46,736.4,0.62,0.87,93,155.7,101,0.07,157.7,6.464,6.476,9.193,90.9,11.93,93.6,38.10163,-91.45433,250,217.4,7.74,-71.4,12.1,0,3.919
1:18:22 PM,12/17/2025,251217-131655-111C20042.bin,111C20042,0,0.57,1.41,736.4,0.63,0.88,93,155.7,101,0.07,157.7,6.409,6.42,9.115,90.9,11.94,93.7,38.10163,-91.45433,249.9,217.4,7.74,-71.4,12.1,0,3.919
1:18:21 PM,12/17/2025,251217-131655-111C20042.bin,111C20042,0,0.56,1.44,736.4,0.65,0.87,93,155.8,101,0.07,157.8,6.324,6.373,8.995,90.9,11.94,93.7,38.10162,-91.45433,249.8,217.4,7.74,-71.4,12.1,0,3.921
1:18:20 PM,12/17/2025,251217-131655-111C20042.bin,111C20042,0,0.54,1.62,736.4,0.63,0.86,93,155.7,101,0.07,157.7,6.24,6.282,8.875,90.9,11.93,93.7,38.10162,-91.45433,249.5,217.4,7.74,-71.4,12.1,0,3.925
1:18:19 PM,12/17/2025,251217-131655-111C20042.bin,111C20042,0,0.6,1.44,736.4,0.61,0.87,92.9,155.6,101,0.07,157.6,6.168,6.198,8.773,90.9,11.93,93.6,38.10162,-91.45432,249.1,217.5,7.74,-71.3,12.1,0,3.922
1:18:18 PM,12/17/2025,251217-131655-111C20042.bin,111C20042,0,0.69,1.38,736.4,0.63,0.92,92.9,155.6,101,0.07,157.6,6.035,6.04,8.583,90.9,11.93,93.6,38.10162,-91.45432,248.8,217.5,7.74,-71.3,12.1,0,3.918
1:18:17 PM,12/17/2025,251217-131655-111C20042.bin,111C20042,0,0.63,1.49,736.4,0.61,0.96,93.1,155.8,101,0.07,157.8,5.971,5.998,8.492,90.9,11.93,93.6,38.10162,-91.45432,248.2,217.6,7.74,-71.3,12.1,0,3.919
1:18:16 PM,12/17/2025,251217-131655-111C20042.bin,111C20042,0,0.62,1.34,736.4,0.62,0.99,93.2,155.9,101,0.07,158,5.922,5.927,8.423,90.9,11.93,93.6,38.10162,-91.45432,247.8,217.6,7.74,-71.3,12.1,0,3.921
1:18:15 PM,12/17/2025,251217-131655-111C20042.bin,111C20042,0,0.64,1.31,736.4,0.64,1,93.1,155.9,101,0.07,157.9,5.839,5.872,8.304,90.8,11.93,93.6,38.10162,-91.45432,247.5,217.6,7.74,-71.4,12.1,0,3.919
1:18:14 PM,12/17/2025,251217-131655-111C20042.bin,111C20042,0,0.58,1.43,736.3,0.61,0.99,93.1,155.8,101,0.07,157.8,5.648,5.727,8.034,90.9,11.93,93.6,38.10162,-91.45431,247.2,217.5,7.74,-71.5,12.1,0,3.922
1:18:13 PM,12/17/2025,251217-131655-111C20042.bin,111C20042,0,0.55,1.63,736.4,0.6,0.98,93,155.6,101,0.07,157.7,5.557,5.568,7.904,90.9,11.93,93.7,38.10162,-91.45431,246.5,217.4,7.74,-71.6,12.1,0,3.927
1:18:12 PM,12/17/2025,251217-131655-111C20042.bin,111C20042,0,0.55,1.74,736.4,0.62,0.95,92.9,155.5,101,0.07,157.5,5.534,5.534,7.871,90.9,11.93,93.7,38.10162,-91.45431,246.2,217.4,7.74,-71.6,12.1,0,3.928
1:18:11 PM,12/17/2025,251217-131655-111C20042.bin,111C20042,0,0.55,1.75,736.4,0.63,0.98,92.9,155.5,101,0.07,157.5,5.463,5.515,7.77,90.9,11.94,93.7,38.10162,-91.45431,246,217.3,7.74,-71.8,12.1,0,3.926
1:18:10 PM,12/17/2025,251217-131655-111C20042.bin,111C20042,0,0.54,1.59,736.4,0.63,0.98,92.9,155.5,101,0.07,157.5,5.333,5.362,7.585,90.9,11.94,93.7,38.10162,-91.4543,245.5,217.2,7.75,-71.8,12.1,0,3.923
1:18:09 PM,12/17/2025,251217-131655-111C20042.bin,111C20042,0,0.54,1.38,736.3,0.64,0.99,92.9,155.5,101,0.07,157.5,5.243,5.249,7.457,90.9,11.94,93.7,38.10162,-91.4543,245.5,217.2,7.75,-71.9,12.1,0,3.922
1:18:08 PM,12/17/2025,251217-131655-111C20042.bin,111C20042,0,0.63,1.39,736.3,0.65,1,92.9,155.6,101,0.07,157.6,5.197,5.218,7.392,90.9,11.94,93.7,38.10162,-91.4543,244.7,217.2,7.75,-71.9,12.1,0,3.921
1:18:07 PM,12/17/2025,251217-131655-111C20042.bin,111C20042,0,0.64,1.44,736.4,0.64,0.98,93,155.6,101,0.07,157.6,5.131,5.173,7.297,90.9,11.94,93.7,38.10162,-91.45429,244.4,217.2,7.75,-71.9,12.1,0,3.922
1:18:06 PM,12/17/2025,251217-131655-111C20042.bin,111C20042,0,0.6,1.5,736.4,0.65,0.94,92.9,155.5,101,0.07,157.5,4.994,5.032,7.103,90.9,11.94,93.7,38.10161,-91.45431,247.2,217.3,7.75,-71.9,12.1,0,3.924
1:18:05 PM,12/17/2025,251217-131655-111C20042.bin,111C20042,0,0.61,1.55,736.4,0.64,0.93,92.9,155.5,101,0.07,157.5,4.928,4.92,7.009,90.9,11.94,93.7,38.1016,-91.45432,249.4,217.3,7.75,-71.9,12.1,0,3.928
1:18:04 PM,12/17/2025,251217-131655-111C20042.bin,111C20042,0,0.62,1.47,736.4,0.62,0.94,93,155.7,101,0.07,157.7,4.888,4.911,6.952,90.9,11.94,93.7,38.10159,-91.45432,251.9,217.3,7.75,-71.9,12.1,0,3.931
1:18:03 PM,12/17/2025,251217-131655-111C20042.bin,111C20042,0,0.6,1.47,736.4,0.65,0.95,93.1,155.7,101,0.07,157.7,4.656,4.755,6.622,91,11.94,93.7,38.10159,-91.45434,254.2,217.2,7.75,-72,12.1,0,3.938
1:18:02 PM,12/17/2025,251217-131655-111C20042.bin,111C20042,0,0.58,1.58,736.4,0.65,0.97,93.1,155.7,101,0.07,157.7,4.635,4.623,6.592,91,11.95,93.8,38.10159,-91.45434,254.8,217.2,7.75,-72.1,12.1,0,3.94
1:18:01 PM,12/17/2025,251217-131655-111C20042.bin,111C20042,0,0.63,1.43,736.4,0.65,0.97,93.1,155.7,101,0.07,157.7,4.632,4.625,6.589,91,11.94,93.8,38.10158,-91.45435,257.4,217.2,7.75,-72.1,12.1,0,3.939
1:18:00 PM,12/17/2025,251217-131655-111C20042.bin,111C20042,0,0.6,1.48,736.4,0.64,0.96,93.1,155.7,101,0.07,157.7,4.555,4.598,6.479,91,11.94,93.7,38.10157,-91.45435,259.3,217.2,7.75,-72.1,12.1,0,3.94
1:17:59 PM,12/17/2025,251217-131655-111C20042.bin,111C20042,0,0.57,1.51,736.4,0.63,0.96,93.1,155.8,101,0.07,157.8,4.362,4.469,6.204,91,11.94,93.7,38.10156,-91.45437,261.7,217.2,7.75,-72.2,12.1,0,3.939
1:17:58 PM,12/17/2025,251217-131655-111C20042.bin,111C20042,0,0.61,1.39,736.4,0.67,0.95,93,155.7,101,0.07,157.7,4.231,4.269,6.017,91,11.95,93.8,38.10156,-91.45437,261.9,217.1,7.75,-72.3,12.1,0,3.935
1:17:57 PM,12/17/2025,251217-131655-111C20042.bin,111C20042,0,0.6,1.49,736.4,0.66,0.95,93,155.7,101,0.07,157.7,4.125,4.171,5.868,91,11.95,93.8,38.10157,-91.45437,262.1,217,7.76,-72.4,12.1,0,3.93
1:17:56 PM,12/17/2025,251217-131655-111C20042.bin,111C20042,0,0.56,1.48,736.4,0.64,0.97,93.1,155.7,101,0.07,157.8,4.077,4.092,5.799,91,11.95,93.8,38.10157,-91.45437,262.8,217,7.76,-72.4,12.1,0,3.928
1:17:55 PM,12/17/2025,251217-131655-111C20042.bin,111C20042,0,0.56,1.47,736.4,0.66,0.99,93.1,155.8,101,0.07,157.8,4.02,4.041,5.718,91.1,11.95,93.8,38.10156,-91.45438,264.8,217,7.76,-72.5,12.1,0,3.93
1:17:54 PM,12/17/2025,251217-131655-111C20042.bin,111C20042,0,0.58,1.5,736.4,0.66,1.03,93.1,155.8,101,0.07,157.9,4,4.002,5.689,91.1,11.96,93.9,38.10156,-91.45438,265.7,217,7.76,-72.6,12.1,0,3.933
1:17:53 PM,12/17/2025,251217-131655-111C20042.bin,111C20042,0,0.56,1.59,736.4,0.66,1.06,93.1,155.8,101,0.07,157.8,3.981,3.988,5.663,91.1,11.96,93.9,38.10155,-91.45439,266.6,216.9,7.76,-72.6,12.1,0,3.932
1:17:52 PM,12/17/2025,251217-131655-111C20042.bin,111C20042,0,0.73,1.63,736.4,0.66,1.07,93.1,155.8,101,0.07,157.8,3.962,3.974,5.636,91.2,11.97,93.9,38.10155,-91.45439,267.2,217,7.76,-72.6,12.1,0,3.931
1:17:51 PM,12/17/2025,251217-131655-111C20042.bin,111C20042,0,0.75,1.56,736.3,0.65,1.03,93,155.7,101,0.07,157.7,3.926,3.928,5.584,91.1,11.96,93.9,38.10155,-91.45439,267.6,217,7.76,-72.6,12.1,0,3.93
1:17:50 PM,12/17/2025,251217-131655-111C20042.bin,111C20042,0,0.57,1.4,736.4,0.62,0.98,93,155.6,101,0.07,157.6,3.885,3.915,5.525,91.1,11.96,93.9,38.10155,-91.45439,267.7,217,7.76,-72.7,12.1,0,3.936
1:17:49 PM,12/17/2025,251217-131655-111C20042.bin,111C20042,0,0.53,1.24,736.4,0.62,0.98,93,155.6,101,0.07,157.6,3.816,3.865,5.428,91.2,11.96,93.9,38.10155,-91.45439,268.7,216.9,7.76,-72.7,12,0,3.943
1:17:48 PM,12/17/2025,251217-131655-111C20042.bin,111C20042,0,0.5,1.43,736.4,0.65,1.01,93.1,155.7,101,0.07,157.7,3.697,3.695,5.259,91.2,11.97,94,38.10154,-91.4544,270.5,216.9,7.76,-72.7,12,0,3.947
1:17:47 PM,12/17/2025,251217-131655-111C20042.bin,111C20042,0,0.75,1.64,736.4,0.63,1.03,93.1,155.6,101,0.07,157.7,3.686,3.701,5.242,91.2,11.97,94,38.10155,-91.4544,270.5,216.9,7.76,-72.8,12,0,3.949
1:17:46 PM,12/17/2025,251217-131655-111C20042.bin,111C20042,0,0.87,1.68,736.4,0.61,1.05,93,155.6,101,0.07,157.6,3.659,3.677,5.204,91.3,11.98,94,38.10155,-91.4544,270.2,217,7.76,-72.8,12,0,3.949
1:17:45 PM,12/17/2025,251217-131655-111C20042.bin,111C20042,0,0.64,1.57,736.4,0.62,1.03,93,155.5,101,0.07,157.6,3.606,3.635,5.129,91.3,11.98,94.1,38.10156,-91.45439,269.9,217,7.76,-72.8,12,0,3.949
1:17:44 PM,12/17/2025,251217-131655-111C20042.bin,111C20042,0,0.57,1.52,736.4,0.62,1.01,93,155.5,101,0.07,157.5,3.562,3.569,5.067,91.3,11.98,94.1,38.10156,-91.45439,269.6,217,7.76,-72.8,12,0,3.949
1:17:43 PM,12/17/2025,251217-131655-111C20042.bin,111C20042,0,0.57,1.5,736.4,0.63,1,93.1,155.7,101,0.07,157.7,3.504,3.504,4.984,91.3,11.98,94.1,38.10157,-91.45439,268.8,217,7.76,-72.8,12,0,3.948
1:17:42 PM,12/17/2025,251217-131655-111C20042.bin,111C20042,0,0.54,1.42,736.4,0.64,0.96,93.1,155.7,101,0.07,157.8,3.43,3.479,4.878,91.3,11.98,94.1,38.10156,-91.45439,269.1,217,7.76,-72.9,12,0,3.952
1:17:41 PM,12/17/2025,251217-131655-111C20042.bin,111C20042,0,0.54,1.46,736.4,0.63,1,93.1,155.7,101,0.07,157.7,3.293,3.303,4.684,91.4,11.99,94.2,38.10157,-91.45438,268.5,216.9,7.77,-72.9,12,0,3.956
1:17:40 PM,12/17/2025,251217-131655-111C20042.bin,111C20042,0,0.53,1.57,736.4,0.63,1.01,93.1,155.7,101,0.07,157.8,3.28,3.276,4.665,91.4,11.99,94.1,38.10157,-91.45438,268,216.9,7.76,-72.9,12,0,3.953
1:17:39 PM,12/17/2025,251217-131655-111C20042.bin,111C20042,0,0.55,1.56,736.4,0.65,0.98,93.1,155.7,101,0.07,157.7,3.23,3.239,4.594,91.3,11.98,94.1,38.10157,-91.45438,268.5,216.9,7.77,-73,12.1,0,3.954
1:17:38 PM,12/17/2025,251217-131655-111C20042.bin,111C20042,0,0.55,1.49,736.4,0.62,0.98,93.1,155.6,101,0.07,157.7,3.113,3.185,4.428,91.4,11.99,94.2,38.10157,-91.45438,269.3,216.9,7.77,-73,12.1,0,3.96
1:17:37 PM,12/17/2025,251217-131655-111C20042.bin,111C20042,0,0.59,1.49,736.4,0.59,0.96,93,155.5,101,0.07,157.5,3.049,3.082,4.336,91.5,11.99,94.2,38.10157,-91.45438,270.7,216.9,7.77,-73.1,12.1,0,3.968
1:17:36 PM,12/17/2025,251217-131655-111C20042.bin,111C20042,0,0.55,1.45,736.4,0.63,0.99,93,155.5,101,0.07,157.5,2.971,2.968,4.226,91.5,12,94.3,38.10157,-91.45438,271.5,216.9,7.77,-73.1,12.1,0,3.971
1:17:35 PM,12/17/2025,251217-131655-111C20042.bin,111C20042,0,0.49,1.4,736.4,0.63,0.99,93.1,155.6,101,0.07,157.7,2.949,2.965,4.194,91.5,11.99,94.3,38.10156,-91.45439,271.6,216.9,7.77,-73.1,12.1,0,3.971
1:17:34 PM,12/17/2025,251217-131655-111C20042.bin,111C20042,0,0.51,1.36,736.4,0.6,1,93.2,155.7,101,0.07,157.8,2.915,2.918,4.146,91.5,12,94.3,38.10155,-91.45439,272,216.9,7.77,-73.1,12.1,0,3.97
1:17:33 PM,12/17/2025,251217-131655-111C20042.bin,111C20042,0,0.5,1.49,736.4,0.62,1.01,93.1,155.7,101,0.07,157.7,2.879,2.898,4.095,91.5,12,94.3,38.10155,-91.45439,272.1,216.9,7.77,-73.1,12.1,0,3.969
1:17:32 PM,12/17/2025,251217-131655-111C20042.bin,111C20042,0,0.78,1.52,736.3,0.66,0.99,93.2,155.7,101,0.07,157.8,2.783,2.834,3.958,91.5,12,94.3,38.10155,-91.45439,271.9,216.9,7.77,-73.2,12.1,0,3.97
1:17:31 PM,12/17/2025,251217-131655-111C20042.bin,111C20042,0,0.77,1.39,736.4,0.63,0.95,93.1,155.6,101,0.07,157.7,2.69,2.727,3.827,91.5,12,94.3,38.10155,-91.45439,271.7,216.9,7.77,-73.3,12.1,0,3.975
1:17:30 PM,12/17/2025,251217-131655-111C20042.bin,111C20042,0,0.53,1.41,736.4,0.62,0.96,93.1,155.5,101,0.07,157.5,2.575,2.614,3.663,91.5,11.99,94.3,38.10154,-91.45439,271.9,216.8,7.77,-73.3,12.1,0,3.982
1:17:29 PM,12/17/2025,251217-131655-111C20042.bin,111C20042,0,0.55,1.5,736.4,0.61,0.97,93.1,155.5,101,0.07,157.6,2.499,2.531,3.554,91.5,11.99,94.3,38.10154,-91.45438,272,216.8,7.77,-73.4,12.1,0,3.983
1:17:28 PM,12/17/2025,251217-131655-111C20042.bin,111C20042,0,0.5,1.55,736.4,0.62,0.99,93.1,155.6,101,0.07,157.6,2.422,2.459,3.444,91.5,11.99,94.3,38.10154,-91.45438,271.9,216.8,7.77,-73.4,12.1,0,3.986
1:17:27 PM,12/17/2025,251217-131655-111C20042.bin,111C20042,0,0.49,1.61,736.4,0.6,1,93.2,155.7,101,0.07,157.8,2.294,2.333,3.263,91.5,11.99,94.3,38.10154,-91.45438,272,216.8,7.77,-73.5,12.1,0,3.993
1:17:26 PM,12/17/2025,251217-131655-111C20042.bin,111C20042,0,0.5,1.51,736.3,0.57,0.96,93.3,155.8,101,0.07,157.9,2.162,2.199,3.075,91.6,12,94.3,38.10154,-91.45438,272.2,216.8,7.77,-73.5,12.1,0,3.996
1:17:25 PM,12/17/2025,251217-131655-111C20042.bin,111C20042,0,0.54,1.4,736.4,0.58,0.99,93.3,155.8,101,0.07,157.8,2.091,2.114,2.974,91.5,11.99,94.3,38.10154,-91.45438,272.1,216.8,7.77,-73.5,12.1,0,3.997
1:17:24 PM,12/17/2025,251217-131655-111C20042.bin,111C20042,0,0.56,1.35,736.3,0.64,0.98,93.3,155.8,101,0.07,157.9,1.941,2.018,2.761,91.6,12,94.3,38.10155,-91.45439,272.2,216.6,7.78,-73.7,12.1,0,3.999
1:17:23 PM,12/17/2025,251217-131655-111C20042.bin,111C20042,0,0.54,1.31,736.4,0.67,0.95,93.3,155.8,101,0.07,157.9,1.895,1.887,2.696,91.6,12,94.4,38.10155,-91.45439,272.2,216.5,7.78,-73.8,12.1,0,4
1:17:22 PM,12/17/2025,251217-131655-111C20042.bin,111C20042,0,0.5,1.33,736.4,0.62,1,93.3,155.7,101,0.07,157.8,1.86,1.875,2.645,91.6,12.01,94.4,38.10155,-91.45439,272.2,216.5,7.78,-73.8,12.1,0,3.999
1:17:21 PM,12/17/2025,251217-131655-111C20042.bin,111C20042,0,0.54,1.38,736.4,0.6,1.02,93.2,155.7,101,0.07,157.7,1.787,1.82,2.542,91.6,12.01,94.4,38.10155,-91.45438,272.1,216.4,7.78,-73.9,12.1,0,3.997
1:17:20 PM,12/17/2025,251217-131655-111C20042.bin,111C20042,0,0.59,1.68,736.4,0.64,1.01,93.2,155.6,101,0.07,157.6,1.783,1.776,2.536,91.6,12.01,94.4,38.10155,-91.45439,271.9,216.5,7.78,-73.9,12.1,0,3.995
1:17:19 PM,12/17/2025,251217-131655-111C20042.bin,111C20042,0,0.55,1.71,736.4,0.64,1.02,93.1,155.5,101,0.07,157.5,1.768,1.766,2.515,91.6,12.01,94.4,38.10155,-91.45438,271.8,216.5,7.78,-73.9,12.1,0,3.993
1:17:18 PM,12/17/2025,251217-131655-111C20042.bin,111C20042,0,0.5,1.51,736.4,0.61,0.99,93.1,155.4,101,0.07,157.5,1.673,1.718,2.379,91.7,12.02,94.5,38.10155,-91.45438,271.8,216.4,7.78,-74,12.1,0,3.992
1:17:17 PM,12/17/2025,251217-131655-111C20042.bin,111C20042,0,0.5,1.42,736.4,0.6,0.97,93.1,155.5,101,0.07,157.5,1.575,1.594,2.24,91.7,12.01,94.5,38.10155,-91.45438,271.6,216.3,7.79,-74.2,12.1,0,3.994
1:17:16 PM,12/17/2025,251217-131655-111C20042.bin,111C20042,0,0.58,1.4,736.4,0.62,1,93.2,155.6,101,0.07,157.6,1.465,1.519,2.083,91.7,12.01,94.5,38.10155,-91.45438,271.6,216.3,7.79,-74.2,12.1,0,4.005
1:17:15 PM,12/17/2025,251217-131655-111C20042.bin,111C20042,0,0.57,1.31,736.4,0.62,0.99,93.2,155.6,101,0.07,157.7,1.423,1.422,2.024,91.7,12.01,94.5,38.10155,-91.45438,271.6,216.2,7.79,-74.3,12.1,0,4.009
1:17:14 PM,12/17/2025,251217-131655-111C20042.bin,111C20042,0,0.53,1.27,736.4,0.62,0.98,93.3,155.6,101,0.07,157.7,1.347,1.389,1.917,91.8,12.02,94.6,38.10155,-91.45438,271.7,216.2,7.79,-74.3,12.1,0,4.015
1:17:13 PM,12/17/2025,251217-131655-111C20042.bin,111C20042,0,0.56,1.4,736.4,0.63,0.98,93.3,155.7,101,0.07,157.7,1.276,1.292,1.815,91.8,12.03,94.6,38.10155,-91.45438,271.6,216.2,7.79,-74.4,12.1,0,4.019
1:17:12 PM,12/17/2025,251217-131655-111C20042.bin,111C20042,0,0.54,1.53,736.4,0.61,0.94,93.4,155.8,101,0.07,157.9,1.259,1.261,1.79,91.9,12.03,94.6,38.10155,-91.45438,271.6,216.2,7.79,-74.4,12.1,0,4.015
1:17:11 PM,12/17/2025,251217-131655-111C20042.bin,111C20042,0,0.59,1.6,736.3,0.59,0.95,93.4,155.8,101,0.07,157.9,1.237,1.253,1.759,91.8,12.03,94.6,38.10155,-91.45438,271.5,216.2,7.79,-74.4,12.1,0,4.011
1:17:10 PM,12/17/2025,251217-131655-111C20042.bin,111C20042,0,0.62,1.51,736.3,0.53,0.92,93.3,155.8,101,0.07,157.8,1.125,1.181,1.6,91.9,12.04,94.7,38.10156,-91.45439,271.4,216.1,7.79,-74.5,12.1,0,4.013
1:17:09 PM,12/17/2025,251217-131655-111C20042.bin,111C20042,0,0.6,1.43,736.4,0.5,0.87,93.3,155.8,101,0.07,157.8,1.044,1.05,1.485,91.9,12.04,94.7,38.10156,-91.45438,271.5,216.1,7.79,-74.5,12,0,4.016
1:17:08 PM,12/17/2025,251217-131655-111C20042.bin,111C20042,0,0.55,1.45,736.3,0.5,0.85,93.3,155.6,101,0.07,157.7,0.991,1.016,1.41,92,12.04,94.8,38.10156,-91.45438,271.6,216.1,7.79,-74.6,12,0,4.03
1:17:07 PM,12/17/2025,251217-131655-111C20042.bin,111C20042,0,0.53,1.47,736.4,0.51,0.81,93.3,155.6,101,0.07,157.6,0.908,0.945,1.292,92,12.04,94.8,38.10156,-91.45438,271.5,216,7.79,-74.6,12,0,4.041
1:17:06 PM,12/17/2025,251217-131655-111C20042.bin,111C20042,0,0.53,1.46,736.4,0.52,0.78,93.4,155.7,101,0.07,157.7,0.855,0.863,1.216,92,12.05,94.8,38.10156,-91.45438,271.2,216,7.8,-74.7,12,0,4.042
1:17:05 PM,12/17/2025,251217-131655-111C20042.bin,111C20042,0,0.6,1.49,736.4,0.48,0.75,93.3,155.6,101,0.07,157.7,0.797,0.809,1.133,92,12.04,94.8,38.10156,-91.45438,271.1,216,7.8,-74.7,12,0,4.043
1:17:04 PM,12/17/2025,251217-131655-111C20042.bin,111C20042,0,0.62,1.43,736.4,0.44,0.74,93.3,155.5,101,0.07,157.6,0.732,0.763,1.041,92.1,12.05,94.9,38.10156,-91.45438,271.1,216,7.8,-74.7,12,0,4.059
1:17:03 PM,12/17/2025,251217-131655-111C20042.bin,111C20042,0,0.52,1.24,736.3,0.43,0.71,93.4,155.6,101,0.07,157.6,0.628,0.68,0.894,92.2,12.06,95,38.10156,-91.45438,271.1,216,7.8,-74.7,12,0,4.068
1:17:02 PM,12/17/2025,251217-131655-111C20042.bin,111C20042,0,0.53,1.11,736.4,0.39,0.66,93.4,155.6,101,0.07,157.7,0.553,0.572,0.787,92.3,12.07,95.1,38.10156,-91.45439,270.8,216,7.8,-74.8,12,0,4.067
1:17:01 PM,12/17/2025,251217-131655-111C20042.bin,111C20042,0,0.52,1.07,736.4,0.36,0.65,93.5,155.7,101,0.07,157.8,0.464,0.483,0.66,92.3,12.07,95.1,38.10156,-91.45439,270.8,216,7.8,-74.8,12,0,4.075
1:17:00 PM,12/17/2025,251217-131655-111C20042.bin,111C20042,0,0.51,1.05,736.3,0.38,0.63,93.6,155.8,101,0.07,157.9,0.347,0.41,0.494,92.5,12.09,95.3,38.10156,-91.45439,270.7,216,7.8,-74.8,12,0,4.083
1:16:59 PM,12/17/2025,251217-131655-111C20042.bin,111C20042,0,0.54,1.09,736.3,0.37,0.55,93.6,155.8,101,0.07,157.9,0.296,0.313,0.42,92.5,12.09,95.3,38.10156,-91.45439,270.8,216,7.8,-74.8,12.1,0,4.084
1:16:58 PM,12/17/2025,251217-131655-111C20042.bin,111C20042,0,0.74,1.08,736.4,0.36,0.58,93.6,155.9,101,0.07,158,0.237,0.28,0.337,92.6,12.1,95.4,38.10156,-91.45439,270.7,216,7.8,-74.9,12.1,0,4.09
1:16:57 PM,12/17/2025,251217-131655-111C20042.bin,111C20042,0,0.75,1.07,736.4,0.36,0.61,93.6,155.8,101,0.07,157.9,0.181,0.188,0.257,92.7,12.12,95.5,38.10156,-91.45439,270.7,216,7.8,-74.9,12.1,0,4.095
1:16:56 PM,12/17/2025,251217-131655-111C20042.bin,111C20042,0,0.57,1.16,736.3,0.3,0.57,93.6,155.8,101,0.07,157.8,0.166,0.166,0.235,92.8,12.13,95.6,38.10156,-91.45439,270.7,216,7.8,-74.9,12.1,0,4.095
1:16:55 PM,12/17/2025,251217-131655-111C20042.bin,111C20042,0,0.56,1.06,736.3,0.3,0.54,93.6,155.8,101,0.07,157.9,0.173,0.174,0.246,92.9,12.15,95.8,38.10156,-91.45439,270.6,216.1,7.8,-74.9,12.1,0,4.096
