MULakeNumber,waterBody,AlternativeNames1,AlternativeNames2,samplingSite,Latitude_samplingSite,Longitude_samplingSite,Notes
003,Bowling_Green_East,Bowling Green (East),NA,Bowling Green (East) 1,39.341433988710605,-91.15299250599534,NA
005,Lincoln,Lincoln,NA,Lincoln 1,39.021113055281894,-90.91999986900936,NA
011,Peaceful_Valley,Peaceful Valley,NA,Peaceful Valley 1,38.35864017473919,-91.53879742268686,NA
014,Tishomingo,Tishomingo,NA,Tishomingo 1,38.32,-90.6,NA
018,Capri,Capri,NA,Capri 1,37.89870785289234,-90.61502275538014,NA
021,Goose_Creek,Goose Creek,NA,Goose Creek 1,37.98186194949524,-90.3230783680658,NA
024,Fredricktown_City,Fredricktown City,NA,Fredricktown City 1,37.57701101983076,-90.30864519370608,NA
030,Wappapello,Wappapello,NA,Wappapello (Deep) 1,36.93,-90.28,NA
032,Ripley,Ripley,NA,Ripley 1,36.65865248370248,-90.95477765984931,NA
033,Fourche_Creek,Fourche Creek,NA,Fourche Creek 1,36.636470618205536,-91.05273980630596,NA
036,Clearwater,Clearwater,NA,Clearwater 1,37.14,-90.77,NA
039,Council_Bluff,Council Bluff,NA,Council Bluff 1,37.729194299434006,-90.91182254609596,NA
040,Sunnen,Sunnen,NA,Sunnen 1,37.95141819286542,-90.92709844016022,NA
044,Peters,Peters,Fayette,Peters 1,39.165475708721246,-92.73082432048652,NA
045,Nehai_Tonkayea,Nehai Tonkayea,NA,Nehai Tonkayea 1,39.59108844534883,-92.89048951100492,NA
046,Thomas_Hill,Thomas Hill,NA,Thomas Hill 1,39.56845112798956,-92.63977055117437,NA
048,Long_Branch,Long Branch,NA,Long Branch 1,39.75,-92.51,NA
049,Macon,Macon,NA,Macon 1,39.74873679443852,-92.49418618024173,NA
050,Spring,Spring,NA,Spring 1,40.10055944337695,-92.67807766642726,NA
053,Memphis_City,Memphis City,NA,Memphis City 1,40.448521991726366,-92.20146034583398,NA
057,Deer_Ridge,Deer Ridge,NA,Deer Ridge 1,40.18056387177271,-91.82820588866602,NA
060,Monroe_City,Monroe City,NA,Monroe City 1,39.62066057635329,-91.73326835447445,NA
070,North,North,NA,North 1,38.68705635018153,-94.3585117397691,NA
072,Smithville,Smithville,NA,Smithville 1,39.4,-94.55,NA
074,Watkins_Mill,Watkins Mill,NA,Watkins Mill 1,39.39415882380595,-94.26226512354792,NA
078,Hamilton_City,Hamilton City,NA,Hamilton City 1,39.74378293154899,-94.03602300300209,NA
081,Pony_Express,Pony Express,NA,Pony Express 1,39.80413575078806,-94.3810095509707,NA
085,Marie,Marie,NA,Marie 1,40.48721256735268,-93.55312641742832,NA
087,Brookfield,Brookfield,NA,Brookfield 1,39.79616412844299,-93.02737431372788,NA
088,Marceline_South,Marceline (South),MarcelineSouth,Marceline (South) 1,39.66296746107628,-92.99574013847932,NA
089,Truman,Truman,NA,Truman 1,38.27,-93.41,NA
091,Atkinson,Atkinson,NA,Atkinson 1,38.006438235325064,-94.0478975969845,NA
092,Pomme_De_Terre,Pomme De Terre,NA,Pomme de Terre 1,37.9,-93.32,NA
093,Stockton,Stockton,NA,Stockton 1,37.69,-93.76,NA
096,Fellows,Fellows,NA,Fellows 1,37.31395106912392,-93.20902754014642,NA
098,Table_Rock,Table Rock,NA,Table Rock 1,36.6,-93.32,NA
098-AX,Table_Rock,NA,NA,Auxiliary dam,36.6070736944019,-93.3121469948578,NA
110,Little_Prairie,Little Prairie,Towell,Little Prairie 1,37.95675138717223,-91.6494175665248,NA
111,Indian_Hills,Indian Hills,NA,Indian Hills 1,38.10486453410157,-91.45736103499983,NA
111-C2-0042,Indian_Hills,NA,NA,Indian_Hills Cove 2,38.10167433102795,-91.45444766450645,NA
111-C5-0095,Indian_Hills,NA,NA,Indian_Hills Cove 5,38.09350349739409,-91.45705742593697,NA
111-C8-0182,Indian_Hills,NA,NA,Indian_Hills Cove 8,38.08249110774808,-91.4474178140095,NA
111-DA-01-00,Indian_Hills,NA,NA,Indian_Hills Dam 1,38.10676914285714,-91.45852114285714,NA
111-DA-02-00,Indian_Hills,NA,NA,Indian_Hills Dam 2,38.10710944444445,-91.45781944444444,NA
111-DA-03-00,Indian_Hills,NA,NA,Indian_Hills Dam 3,38.107360625,-91.457109375,NA
111-DA-04-00,Indian_Hills,NA,NA,Indian_Hills Dam 4,38.10763148148149,-91.4563325925926,NA
111-DA-05-00,Indian_Hills,NA,NA,Indian_Hills Dam 5,38.10812888888889,-91.45456277777778,NA
111-DA-06-00,Indian_Hills,NA,NA,Indian_Hills Dam 6,38.106638181818184,-91.45396977272728,NA
111-DA-07-00,Indian_Hills,NA,NA,Indian_Hills Dam 7,38.106408139534885,-91.45453325581396,NA
111-DA-08-00,Indian_Hills,NA,NA,Indian_Hills Dam 8,38.10626555555555,-91.45498577777778,NA
111-DA-09-00,Indian_Hills,NA,NA,Indian_Hills Dam 9,38.10610109090909,-91.45562036363636,NA
111-DA-10-00,Indian_Hills,NA,NA,Indian_Hills Dam 10,38.106059433962265,-91.45588660377358,NA
111-DA-11-00,Indian_Hills,NA,NA,Indian_Hills Dam 11,38.10606576923077,-91.45623153846154,NA
111-DA-12-00,Indian_Hills,NA,NA,Indian_Hills Dam 12,38.10596240740741,-91.4568437037037,NA
111-DA-13-00,Indian_Hills,NA,NA,Indian_Hills Dam 13,38.10589,-91.45724254545456,NA
111-DA-14-00,Indian_Hills,NA,NA,Indian_Hills Dam 14,38.1053615942029,-91.45822971014492,NA
112,Shayne,Shayne,NA,Shayne 1,37.898213708029346,-90.64284348626694,NA
113,Pape_Concordia,Pape (Concordia),NA,Pape (Concordia) 1,38.934661350534576,-93.58243926345702,NA
114,Henry_Sever,Henry Sever,NA,Henry Sever 1,40.00648696612723,-91.94467475199892,NA
115,Hunnewell,Hunnewell,NA,Hunnewell 1,39.70830567043918,-91.86237338203377,NA
117,Little_Dixie,Little Dixie,NA,Little Dixie 1,38.91,-92.12,NA
120,Winnebago,Winnebago,NA,Winnebago 1,38.81342837262624,-94.3532083810949,NA
121,Higginsville,Higginsville,NA,Higginsville 1,39.06231945714977,-93.66970827291162,NA
123,Shelbyville,Shelbyville,NA,Shelbyville 1,39.807081419345856,-92.05115829034756,NA
133,Forest,Forest,NA,Forest 1,40.17,-92.65,NA
134,Jamesport_City,Jamesport City,NA,Jamesport City 1,39.9906655290186,-93.81062227485462,NA
139,Marceline_North,Marceline (North),NA,Marceline (North) 1,39.72283450710069,-92.91965813182615,NA
140,Cameron_Century,Cameron 1 (Century),Cameron1Century,Cameron 1 (Century) 1,39.76245187210934,-94.2613977249828,NA
145,Mark_Twain,Mark Twain,NA,Mark Twain 1,39.52,-91.65,NA
149,Lake_of_the_Ozarks,Lake of the Ozarks,NA,Lake of the Ozarks 1,38.21,-92.63,NA
150,Blind_Pony,Blind Pony,NA,Blind Pony 1,39.03386298319086,-93.36716499431174,NA
163,King,King,NA,King 1,40.02110798877591,-94.43711463621229,NA
164,Elmwood,Elmwood,NA,Elmwood 1,40.225112338531034,-93.11525285323188,NA
165,Jackrabbit,Jackrabbit,NA,Jackrabbit 1,38.888991429009934,-94.32393817925976,NA
169,Gopher,Gopher,NA,Gopher 1,38.87413489450148,-94.31502738228924,NA
179,Nodaway_County,Nodaway County,NA,Nodaway County 1,40.42709648858388,-94.85753326482632,NA
180,Bilby_Ranch,Bilby Ranch,NA,Bilby Ranch 1,40.34950613043149,-95.1331617995722,NA
181,Mozingo,Mozingo,NA,Mozingo 1,40.350219111282975,-94.7774324015584,NA
182,Fox_Valley,Fox Valley,NA,Fox Valley 1,40.497856977689786,-91.7668181438572,NA
183,Hazel_Hill,Hazel Hill,NA,Hazel Hill 1,38.8457837019902,-93.77747669921092,NA
184,Manito,Manito,NA,Manito 1,38.591094543217544,-92.8064497036395,NA
185,Harrison_County,Harrison County,NA,Harrison County 1,40.39734199185816,-94.08433867160096,NA
186,Carl_DiSalvo,Carl DiSalvo,Bismark,Carl DiSalvo 1,37.73086367751094,-90.63406641209689,NA
192,Jo_Shelby,Jo Shelby,NA,Jo Shelby 1,39.716944361123325,-93.32241168894492,NA
195,Limpp,Limpp,NA,Limpp 1,40.06299512811226,-94.53837082340245,NA
197,Prairie,Prairie,NA,Prairie 1,38.70939314925791,-90.69063294519395,NA
211,Cameron_Sunrise,Cameron 2 (Sunrise),Cameron2Sunrise,Cameron 2 (Sunrise) 1,39.76290278713659,-94.25829500823984,NA
213,Cameron_Eagle,Cameron 3 (Eagle),Cameron_3Eagle,Cameron 3 (Eagle) 1,39.77379008311739,-94.27196939609394,NA
218,Bucklin_City,Bucklin City,NA,Bucklin City 1,39.76741178581524,-92.88184160653616,NA
219,Dairy_1,Dairy 1,NA,Dairy 1 1,38.994088760741946,-92.48899782855176,NA
224,Happy_Holler,Happy Holler,NA,Happy Holler 1,40.02571999500975,-94.73334080194934,NA
228,Jamesport_Community,Jamesport Community,NA,Jamesport Community 1,39.99829594294316,-93.8427158305646,NA
237,Milan_North,Milan (North),NA,Milan (North) 1,40.20017981811178,-93.10477960139852,NA
238,Monroe_Route_J,Monroe (Route J),NA,Monroe (Route J) 1,39.605767920427915,-91.66608870903728,NA
270,Vandalia,Vandalia,NA,Vandalia 1,39.377618561122176,-91.40859696126188,NA
272,Perry,Perry,NA,Perry 1,39.42380314430136,-91.67441065256774,NA
274,Alpine,Alpine,NA,Alpine 1,38.75,-91.08,NA
276,Ashland,Ashland,NA,Ashland 1,38.75550139332877,-92.20631259796129,NA
317,Buffalo_Bill,Buffalo Bill,NA,Buffalo Bill 1,39.81562206167988,-94.38362407650293,NA
411,Cedar,Cedar,NA,Cedar 1,38.89548799494311,-92.35308417231488,NA
438,Bethel,Bethel,NA,Bethel 1,38.90141603457868,-92.3422671269329,NA
440,Crow_Pond,Crow Pond,NA,Crow Pond 1,38.89371479356206,-91.73742336214856,NA
446,Sakatah,Sakatah,NA,Mid Lake,44.22457019238308,-93.55708832526604,NA
446-01-00,Sakatah,Sakatah,NA,NA,44.22442625985434,-93.55670113006484,NA
446-02-00,Sakatah,Sakatah,NA,NA,44.22161680555555,-93.56584368055556,NA
454,Cedar_Hill_Lake_1,Cedar Hill (Lake 1),NA,Cedar Hill (Lake 1) 1,38.33377393852189,-90.65446725191428,NA
455,West_Arrowhead,West Arrowhead,NA,West Arrowhead 1,39.476677545326154,-94.31687956301931,NA
470,WestArrowhead_Howell,NA,NA,WestArrowhead_Howell 1,36.65681998466074,-91.888745399189,NA
