MULakeNumber,date,dateTime,depth_m,verticalPosition_m,temp_degC,doConcentration_mgpL,doSaturation_percent,chlorophyll_RFU,phycocyaninBGA_RFU,phycoerythrinTAL_RFU,turbidity_FNU,pH,orp_mV,specificConductivity_uSpcm,salinity_psu,tds_mgpL,waterPressure_barA,latitude,longitude,altitude_m,barometerAirHandheld_mbars
057,2025-06-25,2025-06-25T13:18:54Z,0.029666666666666668,0.029666666666666668,31.803333333333335,8.88,121.2,0.11666666666666667,-0.03666666666666667,-0.73,NA,9.04,173.7,137.83333333333334,0.06,90,0.002880602431500635,40.18088,-91.82832,197.26666666666668,993.9111111111112
057,2025-06-25,2025-06-25T13:18:57Z,0.06666666666666667,0.06666666666666667,31.80366666666667,8.88,121.2,0.12333333333333334,0.06,-0.65,NA,9.036666666666665,173.4,137.96666666666667,0.06,90,0.006418980221375431,40.18088,-91.82831333333334,197.53333333333333,993.9111111111112
057,2025-06-25,2025-06-25T13:19:00Z,0.18133333333333332,0.18133333333333332,31.807,8.88,121.16666666666667,0.09666666666666666,-0.06333333333333334,-0.65,NA,9.04,173.1,137.9,0.06,90,0.01746506986027944,40.18088,-91.82831,197.8,993.8666666666667
057,2025-06-25,2025-06-25T13:19:03Z,0.26066666666666666,0.26066666666666666,31.802666666666667,8.87,121.1,0.14,-0.05,-0.6866666666666666,NA,9.04,172.86666666666667,137.93333333333334,0.06,90,0.025108873162765378,40.18088,-91.82831,197.9,993.8666666666667
057,2025-06-25,2025-06-25T13:19:06Z,0.36533333333333334,0.36533333333333334,31.780666666666665,8.88,121.16666666666666,0.18,0.14666666666666667,-0.6633333333333333,NA,9.04,172.63333333333333,138.06666666666666,0.06,90,0.035179640718562874,40.18088,-91.8283,197.83333333333334,993.8666666666667
057,2025-06-25,2025-06-25T13:19:09Z,0.548,0.548,31.764666666666667,8.886666666666667,121.16666666666667,0.14333333333333334,-0.07333333333333333,-0.5833333333333334,NA,9.04,172.23333333333332,137.96666666666667,0.06,90,0.05278080203229904,40.18088,-91.8283,197.93333333333334,993.9111111111112
057,2025-06-25,2025-06-25T13:19:12Z,0.6986666666666667,0.6986666666666667,31.761666666666667,8.88,121.1,0.13333333333333333,-0.10333333333333333,-0.7066666666666667,NA,9.04,172.03333333333333,137.83333333333334,0.06,90,0.06725185991653058,40.18088,-91.82829666666666,198.03333333333333,993.8666666666667
057,2025-06-25,2025-06-25T13:19:15Z,0.8226666666666667,0.8226666666666667,31.755333333333333,8.88,121.06666666666666,0.21333333333333332,0.12000000000000001,-0.6,NA,9.04,172.2,137.9,0.06,90,0.07920522591181274,40.18088,-91.82829,198.16666666666666,993.9111111111112
057,2025-06-25,2025-06-25T13:19:18Z,0.8773333333333333,0.8773333333333333,31.759666666666668,8.88,121.1,0.17,0.01,-0.6433333333333333,NA,9.04,172.2,138.03333333333333,0.06,90,0.08449011068771548,40.18087666666667,-91.82829,197.96666666666667,993.8666666666667
057,2025-06-25,2025-06-25T13:19:21Z,0.9233333333333333,0.9233333333333333,31.758666666666667,8.88,121.1,0.16666666666666669,-0.1,-0.69,NA,9.04,172.2,137.93333333333334,0.06,90,0.08891308292505898,40.18088,-91.82829,197.63333333333333,993.9111111111112
057,2025-06-25,2025-06-25T13:19:24Z,0.9793333333333333,0.9793333333333333,31.762,8.886666666666667,121.16666666666667,0.25333333333333335,0.11666666666666667,-0.6533333333333333,NA,9.04,172,138.1,0.06,90,0.09433405915441843,40.18088,-91.82829,197.63333333333333,993.8666666666667
057,2025-06-25,2025-06-25T13:19:27Z,1.054,1.054,31.767,8.883333333333335,121.13333333333333,0.15666666666666668,0.02,-0.61,NA,9.04,171.73333333333332,138.16666666666666,0.06,90,0.10150154236980585,40.18088,-91.82829,197.56666666666666,993.8666666666667
057,2025-06-25,2025-06-25T13:19:30Z,1.1116666666666666,1.1116666666666666,31.768,8.88,121.1,0.14666666666666667,-0.02333333333333333,-0.6566666666666667,NA,9.04,171.63333333333333,138,0.06,90,0.10703592814371257,40.18088,-91.82829,197.36666666666667,993.8666666666667
057,2025-06-25,2025-06-25T13:19:33Z,1.167,1.167,31.766,8.88,121.1,0.21666666666666667,0.07666666666666666,-0.6933333333333334,NA,9.04,171.66666666666666,137.93333333333334,0.06,90,0.11236617673743422,40.18087666666667,-91.82829,197.16666666666666,993.9111111111112
057,2025-06-25,2025-06-25T13:19:39Z,1.2436666666666667,1.2436666666666667,31.751666666666665,8.873333333333333,121,0.18,0.16666666666666666,-0.66,NA,9.04,171.4,138.03333333333333,0.06,90,0.11978316095082563,40.18087,-91.82829,196.93333333333334,993.8666666666667
057,2025-06-25,2025-06-25T13:19:42Z,1.2833333333333332,1.2833333333333332,31.746666666666666,8.876666666666667,121,0.15666666666666668,-0.019999999999999997,-0.5866666666666667,NA,9.04,171.43333333333334,138.06666666666666,0.06,90,0.12361640355652331,40.18087,-91.82829,197,993.9555555555555
057,2025-06-25,2025-06-25T13:19:45Z,1.3666666666666667,1.3666666666666667,31.659666666666666,8.83,120.26666666666667,0.21,0.043333333333333335,-0.5933333333333333,NA,9.04,171.46666666666667,138.36666666666667,0.06,90,0.13164579931046996,40.18087,-91.82829,197.4,993.9111111111112
057,2025-06-25,2025-06-25T13:19:48Z,1.5146666666666666,1.5146666666666666,30.755333333333333,8.626666666666667,115.96666666666667,0.18666666666666668,0.0033333333333333344,-0.6833333333333333,NA,9.01,172.8,140.2,0.06,91,0.1459127200145164,40.18087,-91.82829,197.63333333333333,993.9555555555555
057,2025-06-25,2025-06-25T13:19:51Z,1.625,1.625,30.067666666666668,8.623333333333333,114.56666666666666,0.25,0.08333333333333333,-0.53,NA,9,173.6,141.6,0.06333333333333334,92.33333333333333,0.1565732172019597,40.18087,-91.82829,197.66666666666666,993.8666666666667
057,2025-06-25,2025-06-25T13:19:54Z,1.6936666666666667,1.6936666666666667,29.086,8.92,116.46666666666667,0.20666666666666667,-0.04333333333333333,-0.39666666666666667,NA,9.01,173.8,143.26666666666665,0.07,93,0.1632643803302486,40.18087,-91.82829,197.8,993.9555555555555
057,2025-06-25,2025-06-25T13:19:57Z,1.8093333333333335,1.8093333333333335,28.52,9.066666666666666,117,0.26666666666666666,0.33666666666666667,-0.20333333333333334,NA,9.003333333333334,174.76666666666668,143.73333333333332,0.07,93.33333333333333,0.17442387951369986,40.18087,-91.82829,198.1,993.8666666666667
057,2025-06-25,2025-06-25T13:20:00Z,1.8446666666666667,1.8446666666666667,28.235666666666667,9.22,118.33333333333333,0.17666666666666667,0.14333333333333334,0.15666666666666668,NA,8.99,175.13333333333333,144.5,0.07,94,0.17782616585011796,40.18087,-91.82829,198.23333333333332,993.9111111111112
057,2025-06-25,2025-06-25T13:20:03Z,1.8886666666666667,1.8886666666666667,28.198,9.276666666666666,118.96666666666667,0.29,0.32666666666666666,0.06666666666666667,NA,8.983333333333334,175.66666666666666,144.13333333333333,0.07,93.66666666666667,0.18211304663400474,40.18087,-91.82829,198.4,993.9111111111112
057,2025-06-25,2025-06-25T13:20:06Z,1.941,1.941,28.232333333333333,9.223333333333333,118.46666666666667,0.26666666666666666,0.2733333333333333,0.07,NA,8.966666666666667,176.56666666666666,143.83333333333334,0.07,93.33333333333333,0.18714843041190346,40.18087,-91.82829,198.6,993.8666666666667
057,2025-06-25,2025-06-25T13:20:09Z,1.9966666666666666,1.9966666666666666,27.898333333333333,9.28,118.46666666666667,0.27,0.33,0.66,NA,8.956666666666667,177.36666666666667,144.4,0.07,94,0.19254672473235349,40.18087,-91.82829,198.9,993.9111111111112
057,2025-06-25,2025-06-25T13:20:12Z,2.1406666666666667,2.1406666666666667,27.57933333333333,9.29,117.86666666666666,0.3466666666666667,0.6633333333333333,0.33,NA,8.943333333333333,178.6,144.86666666666667,0.07,94,0.20647341680275813,40.18087,-91.82829666666666,199.16666666666666,993.8666666666667
057,2025-06-25,2025-06-25T13:20:15Z,2.2413333333333334,2.2413333333333334,27.422333333333334,9.32,118,0.31666666666666665,0.33,0.82,NA,8.93,179.33333333333334,145.53333333333333,0.07,94.66666666666667,0.21618127381600435,40.18087666666667,-91.8283,199.36666666666667,993.8666666666667
057,2025-06-25,2025-06-25T13:20:18Z,2.334,2.334,26.586666666666666,9.536666666666667,119.1,0.35,0.8333333333333334,1.6466666666666667,NA,8.926666666666666,180.46666666666667,147.73333333333332,0.07,96,0.22516330974414805,40.18088,-91.8283,199.36666666666667,993.9111111111112
057,2025-06-25,2025-06-25T13:20:21Z,2.415,2.415,25.832666666666668,9.6466666666666665,118.96666666666667,0.41,1,2.1366666666666667,NA,8.913333333333334,181.9,150.4,0.07,98,0.23296588640900018,40.18088,-91.8283,199.5,993.8666666666667
057,2025-06-25,2025-06-25T13:20:24Z,2.513666666666667,2.513666666666667,25.186,9.7,118.03333333333333,0.38,1.2166666666666666,2.73,NA,8.876666666666667,183.93333333333334,153.36666666666667,0.07,99.66666666666667,0.24256033387769915,40.18088,-91.8283,199.56666666666666,993.9111111111112
057,2025-06-25,2025-06-25T13:20:27Z,2.6133333333333333,2.6133333333333333,24.726666666666667,9.676666666666666,116.53333333333333,0.48333333333333334,2.183333333333333,3.9433333333333334,NA,8.85,185.5,155.6,0.07,101,0.2522228270731265,40.18088,-91.8283,199.76666666666668,993.9111111111112
057,2025-06-25,2025-06-25T13:20:30Z,2.776666666666667,2.776666666666667,24.27,9.343333333333334,111.86666666666666,0.6266666666666667,3.41,5.92,NA,8.773333333333333,188.56666666666666,157.43333333333334,0.07,102.33333333333333,0.26803211758301576,40.18088,-91.8283,199.96666666666667,993.8666666666667
057,2025-06-25,2025-06-25T13:20:33Z,2.891,2.891,23.188666666666666,8.950000000000001,105.2,0.9466666666666667,4.24,9.606666666666667,NA,8.706666666666667,192.16666666666669,161.36666666666667,0.07666666666666667,105,0.27910088913082925,40.18088,-91.8283,200.03333333333333,993.9111111111112
057,2025-06-25,2025-06-25T13:20:36Z,2.9459999999999997,2.9459999999999997,22.461666666666666,8.303333333333333,95.9,0.83,3.586666666666667,9.433333333333334,NA,8.606666666666667,195.63333333333333,164.13333333333333,0.08,107,0.28445381963346034,40.18088,-91.8283,200.16666666666666,993.9111111111112
057,2025-06-25,2025-06-25T13:20:39Z,3.01,3.01,22.223666666666666,7.176666666666667,82.53333333333333,0.8533333333333333,3.083333333333333,8.5,NA,8.48,199.3,164.8,0.08,107.33333333333333,0.2906686626746507,40.18088,-91.8283,200.13333333333333,993.9111111111112
057,2025-06-25,2025-06-25T13:20:42Z,3.064,3.064,22.058,6.266666666666667,71.8,0.9133333333333333,2.8733333333333335,7.523333333333333,NA,8.386666666666667,202,165.43333333333334,0.08,107.66666666666667,0.2959081836327345,40.18088,-91.8283,200.06666666666666,993.8666666666667
057,2025-06-25,2025-06-25T13:20:45Z,3.1146666666666665,3.1146666666666665,21.888333333333335,5.4399999999999995,62.13333333333333,0.7733333333333333,2.39,6.843333333333333,NA,8.31,204.1,166.16666666666666,0.08,108,0.30076211213935766,40.18088,-91.82829,199.96666666666667,993.9555555555555
057,2025-06-25,2025-06-25T13:20:48Z,3.139666666666667,3.139666666666667,21.818666666666665,4.85,55.3,1.0133333333333334,2.4566666666666666,7.38,NA,8.253333333333334,205.93333333333334,166.7,0.08,108.33333333333333,0.3032344402104881,40.18088,-91.82829,199.9,993.8666666666667
057,2025-06-25,2025-06-25T13:20:51Z,3.172,3.172,21.511666666666667,4.28,48.56666666666667,0.7933333333333333,1.62,6.43,NA,8.2,207.53333333333333,167.83333333333334,0.08,109.33333333333333,0.3063418617310833,40.18088,-91.82829,200,993.9111111111112
057,2025-06-25,2025-06-25T13:20:54Z,3.195333333333333,3.195333333333333,21.174,3.8,42.8,0.9833333333333334,1.72,5.766666666666667,NA,8.15,208.73333333333332,168.56666666666666,0.08,109.66666666666667,0.3085873707131192,40.18088,-91.82829,199.86666666666667,993.9111111111112
057,2025-06-25,2025-06-25T13:20:57Z,3.337,3.337,20.730666666666668,3.27,36.56666666666667,0.9600000000000001,0.7766666666666667,5.43,NA,8.09,210.33333333333334,166.46666666666667,0.08,108,0.32233260751224824,40.18088,-91.82829,199.8,993.8666666666667
057,2025-06-25,2025-06-25T13:21:00Z,3.3886666666666665,3.3886666666666665,20.81,2.6999999999999997,30.233333333333334,0.99,0.9766666666666667,4.906666666666666,NA,8.043333333333333,211.76666666666668,166.03333333333333,0.08,108,0.3273226274723281,40.18088,-91.82829,199.7,993.9555555555555
057,2025-06-25,2025-06-25T13:21:03Z,3.411,3.411,20.618666666666666,2.243333333333333,25.03333333333333,0.7166666666666667,0.55,3.68,NA,7.993333333333333,213.7,166.13333333333333,0.08,108,0.32950009072763564,40.18088,-91.82829,199.7,994
057,2025-06-25,2025-06-25T13:21:06Z,3.489333333333333,3.489333333333333,20.026,1.9133333333333333,21.066666666666666,0.61,1.2833333333333334,3.8433333333333333,NA,7.956666666666667,215.66666666666666,166.4,0.08,108,0.33712121212121215,40.18087666666667,-91.82829,199.46666666666667,993.8666666666667
057,2025-06-25,2025-06-25T13:21:09Z,3.591,3.591,19.782333333333334,1.6166666666666667,17.666666666666668,0.63,4.776666666666667,11.413333333333334,NA,7.92,217.23333333333332,166,0.08,108,0.3469651605879151,40.18087,-91.82829,199.3,993.8666666666667
057,2025-06-25,2025-06-25T13:21:12Z,3.6636666666666664,3.6636666666666664,19.758,1.41,15.466666666666667,1.0166666666666666,8.676666666666668,21.58,NA,7.89,218.3,166.2,0.08,108,0.3539738704409363,40.18087,-91.82829,199.43333333333334,993.8666666666667
057,2025-06-25,2025-06-25T13:21:15Z,3.7163333333333335,3.7163333333333335,19.733,1.2633333333333334,13.866666666666667,0.8766666666666667,4.963333333333333,16.439999999999998,NA,7.86,219.43333333333334,165.7,0.08,108,0.35905461803665395,40.18087,-91.82829,199.46666666666667,993.9555555555555
057,2025-06-25,2025-06-25T13:21:18Z,3.757,3.757,19.736,1.2,13.1,1.08,6.236666666666666,14.51,NA,7.83,220.46666666666667,165.56666666666666,0.08,108,0.36300127018689893,40.18087,-91.82829,199.46666666666667,993.9555555555555
057,2025-06-25,2025-06-25T13:21:21Z,3.845,3.845,19.185000000000002,1.1866666666666665,12.866666666666667,3.6233333333333335,4.56,19.166666666666668,NA,7.81,221.56666666666666,166.26666666666668,0.08,108.33333333333333,0.3715296679368536,40.18087,-91.82829,199.5,993.8666666666667
057,2025-06-25,2025-06-25T13:21:24Z,3.9766666666666666,3.9766666666666666,18.62366666666667,1.1433333333333333,12.233333333333334,2.966666666666667,4.930000000000001,18.91,NA,7.78,223.03333333333333,167.53333333333333,0.08,109,0.3842995826528761,40.18087,-91.82829,199.5,993.8666666666667
057,2025-06-25,2025-06-25T13:21:27Z,4.070333333333333,4.070333333333333,17.531,1.0533333333333335,11.066666666666666,1.6633333333333333,3.9699999999999998,14.51,NA,7.74,225.2,171.76666666666668,0.08,111.66666666666667,0.39339502812556704,40.18087,-91.82829,199.53333333333333,994.0888888888888
057,2025-06-25,2025-06-25T13:21:30Z,4.178,4.178,16.709333333333333,0.9466666666666667,9.733333333333333,1.34,3.3566666666666665,10.14,NA,7.71,226.43333333333334,176.4,0.08,114.66666666666667,0.4038513881328253,40.18087,-91.82829,199.63333333333333,993.9111111111112
057,2025-06-25,2025-06-25T13:21:33Z,4.266333333333334,4.266333333333334,16.168333333333333,0.8433333333333334,8.566666666666666,0.9733333333333333,2.88,7.8100000000000005,NA,7.693333333333333,227.3,180.5,0.09,117.66666666666667,0.41249319542732715,40.18087,-91.82829,199.8,993.8666666666667
057,2025-06-25,2025-06-25T13:21:36Z,4.378,4.378,15.975,0.7466666666666667,7.566666666666666,0.6866666666666666,2.2866666666666666,6.023333333333333,NA,7.663333333333333,228.20000000000002,183.6,0.09,119,0.4232444202504083,40.18087,-91.82829,199.86666666666667,993.9555555555555
057,2025-06-25,2025-06-25T13:21:39Z,4.497,4.497,15.412666666666667,0.67,6.766666666666667,0.71,2.0933333333333333,6.5,NA,7.596666666666667,223.56666666666666,187.5,0.09,122,0.43485755761204864,40.18087,-91.82829,199.96666666666667,993.8666666666667
057,2025-06-25,2025-06-25T13:21:42Z,4.658,4.658,15.065666666666667,0.6,6,0.5866666666666667,1.7966666666666666,5.213333333333333,NA,7.503333333333334,204.63333333333333,195.23333333333332,0.09,127,0.45041734712393394,40.18087333333333,-91.82829,200.03333333333333,993.9111111111112
057,2025-06-25,2025-06-25T13:21:45Z,4.811,4.811,14.796,0.5466666666666667,5.4,0.5633333333333334,1.8166666666666667,5.083333333333333,NA,7.416666666666667,173.16666666666669,201.66666666666666,0.1,131,0.46522863364180733,40.18088,-91.82829666666666,199.93333333333334,993.9555555555555
057,2025-06-25,2025-06-25T13:21:48Z,4.9143333333333334,4.9143333333333334,14.542333333333334,0.5,4.933333333333334,0.47333333333333333,1.58,5.22,NA,7.343333333333334,136.4,206.46666666666667,0.1,134,0.4752313554708764,40.18088,-91.8283,199.8,993.9555555555555
057,2025-06-25,2025-06-25T13:21:51Z,4.980666666666667,4.980666666666667,14.244333333333334,0.4666666666666667,4.5,0.5366666666666666,1.83,4.72,NA,7.3,100.23333333333333,211.7,0.1,137.66666666666666,0.4816730176011613,40.18088,-91.82831,199.76666666666668,993.9555555555555
057,2025-06-25,2025-06-25T13:21:54Z,5.061333333333334,5.061333333333334,13.908333333333333,0.43666666666666665,4.266666666666667,0.4666666666666667,1.61,4.87,NA,7.273333333333333,64.73333333333333,216.76666666666665,0.1,141,0.48952095808383234,40.18088,-91.82831,199.86666666666667,993.9111111111112
057,2025-06-25,2025-06-25T13:21:57Z,5.124333333333333,5.124333333333333,13.822,0.42,4.066666666666666,0.5266666666666667,1.9,4.95,NA,7.25,36.66666666666667,220.06666666666666,0.10333333333333333,143,0.49562239158047544,40.18088,-91.82832,199.86666666666667,993.8666666666667
057,2025-06-25,2025-06-25T13:22:00Z,5.189666666666667,5.189666666666667,13.925333333333333,0.39,3.7666666666666666,0.4333333333333333,1.66,4.323333333333333,NA,7.226666666666667,12.266666666666667,221.3,0.11,144,0.5019279622573036,40.18088,-91.82832,199.9,994.0444444444445
057,2025-06-25,2025-06-25T13:22:03Z,5.239333333333334,5.239333333333334,13.957666666666666,0.37,3.566666666666667,0.5599999999999999,1.94,4.76,NA,7.21,-6.4,222.33333333333334,0.11,144.66666666666666,0.5067592088550172,40.18088,-91.82832,199.9,993.9555555555555
057,2025-06-25,2025-06-25T13:22:06Z,5.297,5.297,13.994,0.35333333333333333,3.433333333333333,0.43333333333333335,1.6566666666666667,4.43,NA,7.2,-19.5,223.5,0.11,145,0.5123162765378334,40.18088,-91.82832,200,993.9111111111112
057,2025-06-25,2025-06-25T13:22:09Z,5.368333333333333,5.368333333333333,13.516,0.3433333333333333,3.2666666666666666,0.5266666666666667,1.9333333333333333,4.873333333333333,NA,7.196666666666667,-33.3,228.8,0.11,148.33333333333334,0.5192342587552169,40.18088,-91.82831333333334,199.93333333333334,993.9111111111112
057,2025-06-25,2025-06-25T13:22:12Z,5.523666666666666,5.523666666666666,13.126,0.33,3.1333333333333333,0.4533333333333333,1.8833333333333333,4.656666666666666,NA,7.183333333333334,-44.266666666666666,239.26666666666665,0.11333333333333333,155.33333333333334,0.5342950462710941,40.18088,-91.82831,200,993.8666666666667
057,2025-06-25,2025-06-25T13:22:15Z,5.6723333333333334,5.6723333333333334,12.871,0.31333333333333335,2.966666666666667,0.54,2.1366666666666667,4.806666666666667,NA,7.166666666666667,-54.53333333333333,244.56666666666666,0.12,159,0.5486980584285973,40.18088,-91.82831,199.96666666666667,993.8666666666667
057,2025-06-25,2025-06-25T13:22:18Z,5.716,5.716,12.819333333333333,0.30333333333333334,2.8666666666666667,0.5066666666666666,1.98,5.766666666666667,NA,7.153333333333333,-63.699999999999996,246.23333333333332,0.12,160,0.5529168934857558,40.18088,-91.82831,199.86666666666667,993.8666666666667
057,2025-06-25,2025-06-25T13:22:21Z,5.74,5.74,12.953,0.29333333333333333,2.7666666666666666,0.5633333333333334,2.27,5.6899999999999995,NA,7.15,-71,246.53333333333333,0.12,160,0.5551850843767012,40.18088,-91.82831333333334,200,993.9555555555555
057,2025-06-25,2025-06-25T13:22:33Z,5.804666666666667,5.804666666666667,12.857666666666667,0.27,2.6,0.45666666666666667,2.126666666666667,6.16,NA,7.15,-87.1,248.6,0.12,161.66666666666666,0.5614679731446198,40.18087,-91.82832,199.4,993.8666666666667
057,2025-06-25,2025-06-25T13:22:36Z,5.830333333333333,5.830333333333333,12.883333333333333,0.27,2.533333333333333,0.23,2.1233333333333335,6.49,NA,7.15,-89.66666666666667,249.2,0.12,162,0.5639629831246598,40.18087,-91.82831,199.5,993.8666666666667
057,2025-06-25,2025-06-25T13:22:54Z,5.900666666666667,5.900666666666667,12.703666666666667,0.25,2.333333333333333,0.23,2.4466666666666668,7.96,NA,7.15,-101.5,252.6,0.12,164,0.5708129196153149,40.18087,-91.82827,199.83333333333334,993.9111111111112
