Kor MEASUREMENT DATA FILE EXPORT,,,,,,,,,,,,,,,,,,,,,,,,,,,,
,,,,,,,,,,,,,,,,,,,,,,,,,,,,
FILE CREATED:,12/3/2024 18:59,,,,,,,,,,,,,,,,,,,,,,,,,,,
,,,,,,,,,,,,,,,,,,,,,,,,,,,,
,,,MEAN VALUE:,0.91,0.65,52.5,2.725,77.4,67.6,68.9,7.84,76.9,3.876,0.04,76,0.12,3.87,49,NA,-5.5,8.822,2.732,38.89381,-91.73734,243.7,0,11.7,740.3
,,,STANDARD DEVIATION:,0.31,0.77,0.7,1.331,0.2,4.5,4.6,0.43,81.4,1.893,0,0.2,0.22,5.37,0,0.17,9.4,0.486,1.328,0,0.00001,0.9,0,0,0.1
,,,,,,,,,,,,,,,,,,,,,,,,,,,,
,,,SENSOR SERIAL NUMBER:,18F102214,24D104465,18D101260,24E102415,18D101260,22A106708,22A106708,22A106708,23L103548,24E102415,18D101260,18D101260,18F102214,24D104465,18D101260,23L103548,23L103548,18D101260,24E102415,17E100519,17E100519,17E100519,17E100519,17E100519,17E100519
Date (MM/DD/YYYY),Time (HH:mm:ss),Time (Fract. Sec),Site Name,Chlorophyll RFU,Chlorophyll RFU,Cond µS/cm,Depth m,nLF Cond µS/cm,ODO % sat,ODO % CB,ODO mg/L,ORP mV,Pressure psi a,Sal psu,SpCond µS/cm,TAL PC RFU,TAL PE RFU,TDS mg/L,pH,pH mV,Temp °C,Vertical Position m,GPS Latitude °,GPS Longitude °,Altitude m,Battery V,Cable Pwr V,Barometer mmHg
11/25/2024,11:33:15,0,440,0.93,0.52,54.7,0.05,77.2,79.4,80.9,8.88,123.1,0.071,0.04,75.9,0.03,0.86,49,6.97,-21.1,10.382,0.046,38.89381,-91.73734,246.2,0,11.7,740.3
11/25/2024,11:33:16,0,440,0.99,0.46,54.7,0.029,77.2,79.3,80.8,8.87,123.2,0.041,0.04,75.9,0.05,0.65,49,6.96,-20.9,10.377,0.02,38.89381,-91.73735,246.1,0,11.7,740.3
11/25/2024,11:33:17,0,440,1.04,0.44,54.7,0.038,77.3,79.2,80.7,8.86,123.3,0.054,0.04,75.9,0.02,0.73,49,6.96,-20.7,10.368,0.052,38.89381,-91.73735,246.1,0,11.7,740.2
11/25/2024,11:33:18,0,440,1.02,0.45,54.8,0.082,77.4,79.1,80.6,8.85,123.3,0.117,0.04,76,0.01,0.96,49,6.96,-20.5,10.366,0.096,38.89381,-91.73735,246.1,0,11.7,740.3
11/25/2024,11:33:19,0,440,0.83,0.46,54.8,0.104,77.4,79,80.5,8.84,123.4,0.148,0.04,76.1,0,1.04,49,6.95,-20.2,10.371,0.114,38.89381,-91.73735,246,0,11.7,740.3
11/25/2024,11:33:20,0,440,0.85,0.48,54.8,0.128,77.3,78.9,80.4,8.83,123.4,0.182,0.04,76,0,0.93,49,6.95,-20.1,10.394,0.149,38.89381,-91.73735,246,0,11.7,740.3
11/25/2024,11:33:21,0,440,0.87,0.49,54.7,0.174,77.1,78.9,80.4,8.82,123.5,0.247,0.04,75.8,0,0.85,49,6.95,-20,10.406,0.192,38.89381,-91.73735,246,0,11.7,740.3
11/25/2024,11:33:22,0,440,0.84,0.54,54.6,0.235,77.1,78.8,80.3,8.81,123.5,0.334,0.04,75.8,0,1.11,49,6.94,-19.8,10.388,0.242,38.89381,-91.73735,245.9,0,11.7,740.4
11/25/2024,11:33:23,0,440,1.01,0.63,54.7,0.27,77.2,78.7,80.2,8.8,123.6,0.384,0.04,75.9,0.01,1.47,49,6.94,-19.7,10.351,0.297,38.89381,-91.73735,245.8,0,11.7,740.2
11/25/2024,11:33:24,0,440,1.04,0.58,54.7,0.328,77.3,78.6,80.1,8.8,123.6,0.467,0.04,76,0.04,1.37,49,6.94,-19.5,10.328,0.36,38.89381,-91.73735,245.9,0,11.7,740.2
11/25/2024,11:33:25,0,440,0.88,0.49,54.7,0.377,77.4,78.6,80.1,8.8,123.7,0.536,0.04,76,-0.04,1.05,49,6.94,-19.3,10.331,0.379,38.89381,-91.73735,245.9,0,11.7,740.2
11/25/2024,11:33:26,0,440,0.89,0.45,54.7,0.412,77.4,78.5,80,8.79,123.7,0.585,0.04,76,-0.06,0.95,49,6.93,-19.1,10.328,0.414,38.89381,-91.73735,245.9,0,11.7,740.2
11/25/2024,11:33:27,0,440,1.18,0.62,54.7,0.44,77.3,78.4,79.9,8.78,123.8,0.626,0.04,76,0.04,1.67,49,6.93,-18.9,10.327,0.468,38.89381,-91.73735,245.9,0,11.7,740.3
11/25/2024,11:33:28,0,440,1.4,0.84,54.5,0.485,77.2,78.2,79.7,8.76,123.9,0.689,0.04,75.9,0.11,2.44,49,6.92,-18.7,10.264,0.505,38.89381,-91.73735,245.6,0,11.7,740.3
11/25/2024,11:33:29,0,440,1.35,0.83,54.3,0.515,77.2,77.8,79.3,8.74,124,0.732,0.04,75.9,0.09,2.34,49,6.92,-18.6,10.122,0.523,38.89381,-91.73735,245.5,0,11.7,740.2
11/25/2024,11:33:30,0,440,1.51,0.76,54.2,0.554,77.4,77.6,79,8.75,124.1,0.787,0.04,76,0.12,1.91,49,6.92,-18.4,9.972,0.555,38.89381,-91.73735,245.3,0,11.7,740.3
11/25/2024,11:33:31,0,440,1.48,0.77,54.3,0.588,77.5,77.6,79,8.77,124.2,0.836,0.04,76.2,0.13,1.85,50,6.91,-18.1,9.944,0.624,38.89381,-91.73734,245.3,0,11.7,740.3
11/25/2024,11:33:32,0,440,1.33,0.76,54.3,0.648,77.8,77.2,78.7,8.73,124.3,0.922,0.04,76.4,0.09,1.96,50,6.91,-17.9,9.825,0.664,38.89381,-91.73734,245.1,0,11.7,740.3
11/25/2024,11:33:33,0,440,1.36,0.65,54.2,0.665,77.8,77,78.4,8.74,124.4,0.945,0.04,76.5,0.08,1.79,50,6.91,-17.6,9.726,0.661,38.89381,-91.73734,245.2,0,11.7,740.3
11/25/2024,11:33:34,0,440,1.33,0.63,54.1,0.695,77.8,76.8,78.3,8.73,124.5,0.988,0.04,76.4,0.11,1.86,50,6.9,-17.4,9.714,0.695,38.89381,-91.73734,245.1,0,11.7,740.4
11/25/2024,11:33:35,0,440,1.31,0.74,54,0.718,77.8,76.5,77.9,8.7,124.6,1.021,0.04,76.4,0.13,2.29,50,6.9,-17.2,9.651,0.736,38.89381,-91.73734,245.1,0,11.7,740.3
11/25/2024,11:33:36,0,440,1.31,0.83,53.9,0.736,77.6,76.2,77.6,8.67,124.7,1.047,0.04,76.3,0.13,2.32,50,6.89,-16.9,9.646,0.746,38.89381,-91.73734,244.9,0,11.7,740.4
11/25/2024,11:33:37,0,440,1.38,0.85,53.8,0.735,77.4,76.1,77.5,8.65,124.7,1.045,0.04,76.1,0.14,2.41,49,6.89,-16.7,9.682,0.73,38.89381,-91.73734,244.8,0,11.7,740.4
11/25/2024,11:33:38,0,440,1.38,0.85,53.9,0.769,77.5,75.6,77,8.6,124.8,1.093,0.04,76.1,0.11,2.59,49,6.89,-16.6,9.673,0.782,38.89381,-91.73734,244.6,0,11.7,740.4
11/25/2024,11:33:39,0,440,1.37,0.83,53.9,0.805,77.6,75.3,76.7,8.56,125,1.145,0.04,76.3,0.11,2.65,50,6.88,-16.5,9.646,0.824,38.89381,-91.73734,244.5,0,11.7,740.4
11/25/2024,11:33:40,0,440,1.31,0.81,53.9,0.821,77.9,74.6,76,8.5,125.2,1.167,0.04,76.6,0.07,2.44,50,6.88,-16.3,9.493,0.82,38.8938,-91.73734,244.4,0,11.7,740.3
11/25/2024,11:33:41,0,440,1.29,0.78,53.7,0.821,78.1,74.2,75.6,8.5,125.3,1.167,0.04,76.8,0.09,2.23,50,6.88,-16.2,9.228,0.815,38.89381,-91.73734,244.1,0,11.7,740.3
11/25/2024,11:33:42,0,440,1.31,0.78,53.4,0.85,78.1,74.1,75.5,8.53,125.3,1.208,0.04,76.7,0.16,2.53,50,6.87,-15.9,9.081,0.861,38.89381,-91.73734,244.1,0,11.7,740.4
11/25/2024,11:33:43,0,440,1.41,0.79,53.3,0.883,77.9,74,75.4,8.54,125.4,1.255,0.04,76.6,0.13,2.21,50,6.87,-15.7,9.11,0.89,38.89381,-91.73734,244.1,0,11.7,740.4
11/25/2024,11:33:44,0,440,1.46,0.81,53.3,0.901,77.8,73.8,75.1,8.5,125.5,1.282,0.04,76.4,0.11,1.8,50,6.87,-15.5,9.171,0.902,38.89381,-91.73734,244,0,11.7,740.4
11/25/2024,11:33:45,0,440,1.43,0.78,53.3,0.914,77.6,73.4,74.7,8.44,125.6,1.299,0.04,76.2,0.14,1.85,50,6.86,-15.3,9.232,0.924,38.8938,-91.73734,243.7,0,11.7,740.4
11/25/2024,11:33:46,0,440,1.42,0.78,53.2,0.934,77.4,72.9,74.3,8.38,125.6,1.328,0.04,76.1,0.17,1.92,49,6.86,-15.1,9.216,0.936,38.8938,-91.73734,243.5,0,11.7,740.4
11/25/2024,11:33:47,0,440,1.45,0.81,53.1,0.978,77.6,72.7,74.1,8.38,125.6,1.391,0.04,76.3,0.14,2.19,50,6.86,-15,9.089,0.984,38.8938,-91.73734,243.5,0,11.7,740.4
11/25/2024,11:33:48,0,440,1.5,0.77,53.1,1.004,77.7,72.6,73.9,8.38,125.7,1.428,0.04,76.4,0.13,2.01,50,6.85,-14.8,9.027,1.025,38.8938,-91.73734,243.6,0,11.7,740.4
11/25/2024,11:33:49,0,440,1.68,0.83,53,1.038,77.7,72.4,73.8,8.37,125.8,1.476,0.04,76.3,0.11,2.11,50,6.85,-14.7,8.996,1.056,38.8938,-91.73734,243.8,0,11.7,740.4
11/25/2024,11:33:50,0,440,1.5,0.86,52.9,1.055,77.5,72.2,73.5,8.34,125.8,1.5,0.04,76.2,0.07,2.13,50,6.85,-14.5,8.987,1.061,38.8938,-91.73734,244,0,11.7,740.3
11/25/2024,11:33:51,0,440,1.47,0.73,52.9,1.095,77.5,71.9,73.2,8.31,125.9,1.557,0.04,76.2,0.1,1.86,50,6.85,-14.3,8.982,1.099,38.8938,-91.73734,244.3,0,11.7,740.4
11/25/2024,11:33:52,0,440,1.66,0.73,52.9,1.118,77.5,71.7,73,8.29,126,1.59,0.04,76.2,0.11,2.2,50,6.84,-14.1,8.985,1.138,38.8938,-91.73735,244,0,11.7,740.3
11/25/2024,11:33:53,0,440,1.45,0.76,52.9,1.155,77.6,71.4,72.8,8.26,126.1,1.643,0.04,76.2,0.11,2.13,50,6.84,-14,8.966,1.162,38.8938,-91.73734,243.9,0,11.7,740.3
11/25/2024,11:33:54,0,440,1.47,0.73,52.9,1.167,77.7,71.2,72.6,8.24,126.2,1.659,0.04,76.3,0.14,2.07,50,6.84,-13.8,8.93,1.162,38.89381,-91.73734,243.8,0,11.7,740.3
11/25/2024,11:33:55,0,440,1.41,0.72,52.9,1.203,77.7,71.1,72.4,8.23,126.2,1.711,0.04,76.3,0.09,2.02,50,6.83,-13.6,8.909,1.213,38.89381,-91.73734,243.7,0,11.7,740.4
11/25/2024,11:33:56,0,440,1.25,0.66,52.8,1.251,77.6,70.9,72.2,8.21,126.3,1.779,0.04,76.2,0.06,1.64,50,6.83,-13.5,8.872,1.277,38.89381,-91.73734,243.5,0,11.7,740.3
11/25/2024,11:33:57,0,440,1.29,0.61,52.7,1.284,77.5,70.7,72,8.2,126.4,1.826,0.04,76.2,0.04,1.38,50,6.83,-13.4,8.83,1.293,38.89381,-91.73734,243.5,0,11.7,740.3
11/25/2024,11:33:58,0,440,1.2,0.56,52.6,1.288,77.5,70.6,71.9,8.19,126.5,1.831,0.04,76.2,0.02,1.55,50,6.83,-13.2,8.809,1.284,38.89381,-91.73734,243.3,0,11.7,740.4
11/25/2024,11:33:59,0,440,1.19,0.46,52.6,1.322,77.6,70.4,71.8,8.18,126.5,1.88,0.04,76.2,0.03,1.33,50,6.82,-13.1,8.793,1.334,38.89381,-91.73734,243,0,11.7,740.3
11/25/2024,11:34:00,0,440,1.13,0.41,52.7,1.363,77.7,70.3,71.6,8.17,126.6,1.939,0.04,76.3,-0.03,0.72,50,6.82,-12.9,8.779,1.377,38.89381,-91.73734,242.8,0,11.7,740.3
11/25/2024,11:34:01,0,440,0.87,0.44,52.7,1.385,77.8,70.2,71.5,8.15,126.6,1.969,0.04,76.4,-0.05,0.71,50,6.82,-12.8,8.776,1.388,38.89381,-91.73734,242.8,0,11.7,740.3
11/25/2024,11:34:02,0,440,0.8,0.44,52.7,1.39,77.7,70,71.4,8.14,126.7,1.977,0.04,76.4,-0.03,1.24,50,6.82,-12.7,8.764,1.403,38.89381,-91.73734,242.6,0,11.7,740.4
11/25/2024,11:34:03,0,440,0.74,0.45,52.6,1.421,77.6,70,71.3,8.14,126.7,2.02,0.04,76.3,-0.05,1.37,50,6.81,-12.6,8.755,1.431,38.89381,-91.73734,242.6,0,11.7,740.4
11/25/2024,11:34:04,0,440,0.79,0.47,52.5,1.452,77.5,69.9,71.2,8.13,126.7,2.065,0.04,76.1,-0.09,1.22,49,6.81,-12.4,8.743,1.457,38.89381,-91.73734,242.6,0,11.7,740.4
11/25/2024,11:34:05,0,440,0.96,0.44,52.5,1.473,77.5,69.7,71,8.11,126.8,2.094,0.04,76.1,-0.01,1.05,49,6.81,-12.3,8.727,1.487,38.89381,-91.73734,242.5,0,11.7,740.3
11/25/2024,11:34:06,0,440,0.89,0.43,52.5,1.498,77.5,69.6,70.9,8.1,126.8,2.131,0.04,76.1,0.01,0.73,49,6.81,-12.2,8.723,1.521,38.89381,-91.73734,242.4,0,11.7,740.3
11/25/2024,11:34:07,0,440,0.82,0.45,52.5,1.53,77.4,69.5,70.8,8.08,126.9,2.176,0.04,76.1,0,0.98,49,6.8,-12,8.731,1.53,38.89381,-91.73734,242.4,0,11.7,740.3
11/25/2024,11:34:08,0,440,0.97,0.47,52.5,1.551,77.4,69.3,70.6,8.06,127,2.205,0.04,76.1,0.01,0.91,49,6.8,-11.9,8.747,1.545,38.89381,-91.73734,242.4,0,11.7,740.4
11/25/2024,11:34:09,0,440,1.14,0.45,52.5,1.562,77.5,69.2,70.5,8.05,127,2.222,0.04,76.2,0.02,0.73,49,6.8,-11.7,8.75,1.579,38.89381,-91.73734,242.3,0,11.7,740.3
11/25/2024,11:34:10,0,440,1.13,0.44,52.5,1.582,77.5,69.1,70.4,8.04,127.1,2.25,0.04,76.2,0.04,1.08,50,6.8,-11.6,8.746,1.597,38.89381,-91.73734,242.3,0,11.7,740.4
11/25/2024,11:34:11,0,440,0.98,0.45,52.4,1.588,77.4,69.1,70.4,8.03,127.2,2.259,0.04,76.1,0,1.02,49,6.79,-11.5,8.737,1.585,38.89381,-91.73734,242.4,0,11.7,740.4
11/25/2024,11:34:12,0,440,0.97,0.46,52.4,1.616,77.4,68.9,70.2,8.02,127.2,2.298,0.04,76.1,-0.04,0.97,49,6.79,-11.4,8.72,1.617,38.89381,-91.73734,242.6,0,11.7,740.2
11/25/2024,11:34:13,0,440,0.85,0.43,52.4,1.647,77.5,68.8,70.1,8.01,127.2,2.341,0.04,76.2,-0.07,1.04,50,6.79,-11.3,8.685,1.675,38.89381,-91.73734,242.7,0,11.7,740.3
11/25/2024,11:34:14,0,440,0.7,0.47,52.5,1.684,77.6,68.7,70,8.01,127.3,2.395,0.04,76.2,-0.04,1.55,50,6.79,-11.1,8.675,1.698,38.89381,-91.73734,242.9,0,11.7,740.3
11/25/2024,11:34:15,0,440,0.75,0.52,52.5,1.689,77.7,68.7,70,8,127.3,2.402,0.04,76.3,-0.05,1.72,50,6.79,-11,8.683,1.678,38.89381,-91.73734,242.9,0,11.7,740.3
11/25/2024,11:34:16,0,440,0.82,0.45,52.5,1.695,77.6,68.6,69.9,7.99,127.4,2.411,0.04,76.3,-0.08,1.04,50,6.78,-10.9,8.691,1.698,38.89381,-91.73734,243.1,0,11.7,740.3
11/25/2024,11:34:17,0,440,0.84,0.47,52.5,1.735,77.6,68.5,69.8,7.98,127.4,2.467,0.04,76.3,-0.04,1.23,50,6.78,-10.8,8.687,1.746,38.89381,-91.73734,243.2,0,11.7,740.3
11/25/2024,11:34:18,0,440,0.78,0.51,52.5,1.765,77.6,68.4,69.7,7.97,127.5,2.509,0.04,76.2,-0.04,1.27,50,6.78,-10.7,8.68,1.766,38.89381,-91.73734,243.3,0,11.7,740.4
11/25/2024,11:34:19,0,440,0.72,0.42,52.4,1.789,77.5,68.4,69.6,7.96,127.5,2.544,0.04,76.2,-0.04,0.63,50,6.78,-10.5,8.682,1.791,38.89381,-91.73734,243.4,0,11.7,740.2
11/25/2024,11:34:20,0,440,0.73,0.38,52.5,1.814,77.6,68.3,69.5,7.95,127.5,2.579,0.04,76.2,-0.04,0.71,50,6.78,-10.5,8.677,1.837,38.89381,-91.73734,243.6,0,11.7,740.3
11/25/2024,11:34:21,0,440,0.82,0.39,52.5,1.858,77.6,68.2,69.5,7.95,127.6,2.642,0.04,76.3,-0.06,0.78,50,6.78,-10.4,8.662,1.871,38.89381,-91.73734,243.6,0,11.7,740.4
11/25/2024,11:34:22,0,440,0.84,0.43,52.5,1.887,77.6,68.2,69.4,7.94,127.6,2.684,0.04,76.3,-0.03,0.86,50,6.77,-10.3,8.66,1.89,38.89381,-91.73734,243.6,0,11.7,740.4
11/25/2024,11:34:23,0,440,0.71,0.47,52.5,1.915,77.6,68.1,69.4,7.93,127.6,2.724,0.04,76.3,-0.01,1,50,6.77,-10.2,8.659,1.927,38.89381,-91.73734,243.8,0,11.7,740.3
11/25/2024,11:34:24,0,440,0.58,0.6,52.4,1.951,77.6,68.1,69.3,7.93,127.7,2.774,0.04,76.2,-0.04,0.99,50,6.77,-10,8.656,1.965,38.89381,-91.73734,243.8,0,11.7,740.4
11/25/2024,11:34:25,0,440,0.75,0.64,52.4,1.976,77.5,68,69.3,7.93,127.7,2.81,0.04,76.2,-0.03,1.18,50,6.77,-10,8.649,1.983,38.89381,-91.73734,243.8,0,11.7,740.3
11/25/2024,11:34:26,0,440,0.87,0.53,52.4,1.994,77.5,67.9,69.2,7.92,127.8,2.836,0.04,76.1,-0.05,1.2,49,6.77,-9.8,8.644,2.014,38.89381,-91.73734,243.8,0,11.7,740.4
11/25/2024,11:34:27,0,440,0.82,0.59,52.3,2.02,77.4,67.9,69.2,7.91,127.8,2.872,0.04,76.1,-0.05,1.63,49,6.76,-9.8,8.654,2.026,38.89381,-91.73734,243.9,0,11.7,740.4
11/25/2024,11:34:28,0,440,0.8,0.49,52.4,2.045,77.5,67.8,69.1,7.9,127.8,2.909,0.04,76.1,-0.05,1.38,49,6.76,-9.7,8.669,2.059,38.89381,-91.73734,243.8,0,11.7,740.4
11/25/2024,11:34:29,0,440,0.76,0.41,52.4,2.056,77.5,67.8,69.1,7.9,127.9,2.923,0.04,76.2,-0.08,0.88,50,6.76,-9.5,8.671,2.047,38.89381,-91.73734,243.8,0,11.7,740.4
11/25/2024,11:34:30,0,440,0.86,0.42,52.5,2.083,77.6,67.7,69,7.89,127.9,2.962,0.04,76.3,-0.04,0.77,50,6.76,-9.5,8.664,2.086,38.89381,-91.73734,244,0,11.7,740.3
11/25/2024,11:34:31,0,440,0.87,0.35,52.4,2.123,77.5,67.7,69,7.89,128,3.019,0.04,76.2,-0.06,0.47,50,6.76,-9.4,8.657,2.154,38.89381,-91.73734,244.1,0,11.7,740.3
11/25/2024,11:34:32,0,440,0.84,0.29,52.4,2.158,77.5,67.7,68.9,7.89,128,3.068,0.04,76.2,-0.05,0.25,50,6.76,-9.3,8.645,2.158,38.89381,-91.73734,244.4,0,11.7,740.2
11/25/2024,11:34:33,0,440,0.93,0.35,52.4,2.159,77.6,67.6,68.9,7.88,128,3.071,0.04,76.2,0.02,0.47,50,6.75,-9.2,8.623,2.161,38.89381,-91.73734,244.4,0,11.7,740.4
11/25/2024,11:34:34,0,440,0.99,0.43,52.4,2.215,77.5,67.6,68.8,7.88,128.1,3.15,0.04,76.2,0.04,1.03,50,6.75,-9.1,8.62,2.232,38.89381,-91.73734,244.4,0,11.7,740.4
11/25/2024,11:34:35,0,440,0.92,0.45,52.4,2.259,77.5,67.5,68.8,7.88,128.2,3.212,0.04,76.2,-0.02,1.69,50,6.75,-9,8.621,2.268,38.89381,-91.73734,244.5,0,11.7,740.4
11/25/2024,11:34:36,0,440,0.88,0.38,52.4,2.265,77.6,67.5,68.7,7.87,128.2,3.221,0.04,76.2,-0.01,1.55,50,6.75,-9,8.624,2.267,38.89381,-91.73734,244.4,0,11.7,740.4
11/25/2024,11:34:37,0,440,0.75,0.48,52.4,2.272,77.6,67.4,68.7,7.87,128.2,3.231,0.04,76.2,0.01,0.85,50,6.75,-8.9,8.625,2.286,38.89381,-91.73734,244.3,0,11.7,740.3
11/25/2024,11:34:38,0,440,0.57,0.58,52.4,2.32,77.6,67.4,68.7,7.86,128.2,3.299,0.04,76.2,0,0.64,50,6.75,-8.8,8.628,2.327,38.89381,-91.73734,244.2,0,11.7,740.4
11/25/2024,11:34:39,0,440,0.57,0.48,52.4,2.349,77.6,67.4,68.7,7.86,128.3,3.34,0.04,76.2,0.01,0.86,50,6.75,-8.7,8.628,2.37,38.89381,-91.73734,244,0,11.7,740.4
11/25/2024,11:34:40,0,440,0.75,0.51,52.3,2.385,77.5,67.3,68.6,7.85,128.3,3.392,0.04,76.1,-0.02,0.96,49,6.74,-8.7,8.622,2.387,38.89381,-91.73734,244.1,0,11.7,740.4
11/25/2024,11:34:41,0,440,0.75,0.49,52.2,2.395,77.3,67.3,68.6,7.85,128.3,3.405,0.04,76,-0.01,0.84,49,6.74,-8.6,8.619,2.395,38.89381,-91.73734,244,0,11.7,740.4
11/25/2024,11:34:42,0,440,0.67,0.5,52.2,2.425,77.3,67.3,68.5,7.84,128.3,3.448,0.04,76,0,0.8,49,6.74,-8.5,8.62,2.427,38.89381,-91.73734,243.9,0,11.7,740.4
11/25/2024,11:34:43,0,440,0.73,0.41,52.3,2.47,77.4,67.2,68.5,7.84,128.3,3.512,0.04,76.1,0,0.38,49,6.74,-8.5,8.618,2.485,38.89381,-91.73734,243.9,0,11.7,740.3
11/25/2024,11:34:44,0,440,0.82,0.28,52.3,2.499,77.4,67.2,68.4,7.83,128.3,3.554,0.04,76.1,0,0.11,49,6.74,-8.4,8.619,2.512,38.89381,-91.73734,243.8,0,11.7,740.3
11/25/2024,11:34:45,0,440,0.86,0.27,52.3,2.511,77.5,67.1,68.4,7.83,128.4,3.571,0.04,76.1,0.02,0.12,49,6.74,-8.4,8.619,2.526,38.89381,-91.73734,243.7,0,11.7,740.4
11/25/2024,11:34:46,0,440,0.68,0.29,52.3,2.54,77.5,67.1,68.3,7.82,128.4,3.612,0.04,76.2,-0.03,0,50,6.74,-8.3,8.613,2.554,38.89381,-91.73734,243.5,0,11.7,740.4
11/25/2024,11:34:47,0,440,0.56,0.25,52.3,2.558,77.5,67,68.3,7.82,128.4,3.637,0.04,76.2,-0.08,0.03,50,6.74,-8.2,8.61,2.553,38.89381,-91.73734,243.4,0,11.7,740.5
11/25/2024,11:34:48,0,440,0.7,0.23,52.3,2.57,77.5,67,68.2,7.81,128.4,3.655,0.04,76.1,-0.05,0.28,49,6.73,-8.1,8.608,2.59,38.89381,-91.73734,243.4,0,11.7,740.4
11/25/2024,11:34:49,0,440,0.73,0.38,52.3,2.595,77.4,66.9,68.2,7.81,128.4,3.69,0.04,76.1,-0.07,0.3,49,6.73,-8,8.608,2.603,38.89381,-91.73734,243.4,0,11.7,740.4
11/25/2024,11:34:50,0,440,0.55,0.39,52.2,2.591,77.4,66.8,68.1,7.8,128.4,3.685,0.04,76,-0.04,0.31,49,6.73,-7.9,8.606,2.59,38.89381,-91.73734,243.4,0,11.7,740.3
11/25/2024,11:34:51,0,440,0.6,0.32,52.2,2.616,77.3,66.8,68,7.79,128.5,3.72,0.04,76,0,0.36,49,6.73,-7.8,8.6,2.613,38.89381,-91.73734,243.4,0,11.7,740.4
11/25/2024,11:34:52,0,440,0.71,0.32,52.2,2.634,77.4,66.7,68,7.79,128.5,3.746,0.04,76.1,0,0.31,49,6.73,-7.7,8.6,2.654,38.89381,-91.73734,243.2,0,11.7,740.4
11/25/2024,11:34:53,0,440,0.68,0.32,52.3,2.648,77.4,66.7,67.9,7.78,128.5,3.766,0.04,76.1,-0.01,0.24,49,6.72,-7.6,8.61,2.648,38.89381,-91.73734,243.1,0,11.7,740.4
11/25/2024,11:34:54,0,440,0.7,0.32,52.2,2.635,77.4,66.6,67.9,7.77,128.5,3.747,0.04,76,-0.01,0.46,49,6.72,-7.5,8.611,2.63,38.89381,-91.73734,243,0,11.7,740.4
11/25/2024,11:34:55,0,440,0.73,0.3,52.2,2.663,77.4,66.5,67.8,7.76,128.5,3.786,0.04,76,-0.02,0.44,49,6.72,-7.4,8.609,2.662,38.89381,-91.73734,242.9,0,11.7,740.4
11/25/2024,11:34:56,0,440,0.73,0.33,52.2,2.679,77.3,66.5,67.7,7.75,128.5,3.809,0.04,76,-0.02,0.53,49,6.72,-7.4,8.616,2.706,38.89381,-91.73734,242.9,0,11.7,740.4
11/25/2024,11:34:57,0,440,0.64,0.36,52.2,2.699,77.3,66.4,67.7,7.75,128.5,3.839,0.04,75.9,-0.03,0.76,49,6.72,-7.3,8.615,2.7,38.89381,-91.73734,242.9,0,11.6,740.4
11/25/2024,11:34:58,0,440,0.56,0.36,52.2,2.7,77.3,66.3,67.6,7.74,128.5,3.839,0.04,75.9,-0.08,0.77,49,6.72,-7.2,8.61,2.693,38.89381,-91.73734,242.8,0,11.6,740.4
11/25/2024,11:34:59,0,440,0.61,0.51,52.2,2.726,77.3,66.3,67.5,7.73,128.5,3.877,0.04,75.9,-0.07,1.05,49,6.72,-7.1,8.608,2.738,38.89381,-91.73734,242.7,0,11.6,740.4
11/25/2024,11:35:00,0,440,0.76,0.49,52.1,2.764,77.2,66.2,67.5,7.73,128.5,3.931,0.04,75.9,0,0.9,49,6.72,-7.1,8.606,2.779,38.89381,-91.73734,242.6,0,11.6,740.4
11/25/2024,11:35:01,0,440,0.73,0.34,52.1,2.788,77.2,66.2,67.4,7.72,128.5,3.964,0.04,75.9,0,0.42,49,6.72,-7,8.601,2.786,38.89381,-91.73734,242.6,0,11.6,740.4
11/25/2024,11:35:02,0,440,0.58,0.41,52.2,2.801,77.3,66.1,67.4,7.72,128.5,3.984,0.04,75.9,-0.02,0.74,49,6.71,-7,8.599,2.819,38.89381,-91.73734,242.4,0,11.6,740.4
11/25/2024,11:35:03,0,440,0.57,0.4,52.2,2.845,77.3,66.1,67.3,7.71,128.5,4.045,0.04,76,-0.07,0.68,49,6.71,-7,8.601,2.86,38.89381,-91.73734,242.6,0,11.6,740.4
11/25/2024,11:35:04,0,440,0.55,0.37,52.3,2.87,77.4,66,67.3,7.7,128.4,4.081,0.04,76.1,-0.09,0.2,49,6.71,-6.9,8.604,2.868,38.89381,-91.73734,242.8,0,11.6,740.4
11/25/2024,11:35:05,0,440,0.58,0.38,52.3,2.888,77.5,66,67.2,7.7,128.4,4.107,0.04,76.1,-0.05,0.19,49,6.71,-6.9,8.604,2.887,38.89381,-91.73734,242.7,0,11.6,740.4
11/25/2024,11:35:06,0,440,0.6,0.25,52.3,2.906,77.4,65.9,67.2,7.69,128.4,4.133,0.04,76.1,-0.06,0.28,49,6.71,-6.9,8.604,2.918,38.8938,-91.73734,242.7,0,11.6,740.4
11/25/2024,11:35:07,0,440,0.55,0.2,52.2,2.918,77.4,65.9,67.1,7.69,128.4,4.15,0.04,76,-0.08,0.2,49,6.71,-6.9,8.603,2.931,38.8938,-91.73734,242.8,0,11.7,740.4
11/25/2024,11:35:08,0,440,0.54,0.26,52.2,2.939,77.3,65.8,67.1,7.68,128.4,4.179,0.04,76,-0.07,0.26,49,6.71,-6.8,8.599,2.941,38.8938,-91.73734,242.6,0,11.7,740.4
11/25/2024,11:35:09,0,440,0.54,0.25,52.1,2.97,77.3,65.8,67,7.68,128.3,4.223,0.04,75.9,-0.04,0.33,49,6.71,-6.8,8.592,2.989,38.8938,-91.73734,242.4,0,11.7,740.4
11/25/2024,11:35:10,0,440,0.57,0.28,52.1,2.991,77.2,65.7,66.9,7.67,128.3,4.254,0.04,75.9,-0.01,0.51,49,6.71,-6.8,8.59,3.003,38.8938,-91.73734,242.2,0,11.7,740.4
11/25/2024,11:35:11,0,440,0.59,0.25,52.1,2.997,77.2,65.7,66.9,7.67,128.3,4.262,0.04,75.9,0,0.54,49,6.71,-6.8,8.591,3.004,38.8938,-91.73734,241.9,0,11.7,740.4
11/25/2024,11:35:12,0,440,0.64,0.25,52.1,3.038,77.2,65.6,66.9,7.66,128.3,4.32,0.04,75.9,-0.04,0.38,49,6.71,-6.8,8.591,3.033,38.8938,-91.73734,242.1,0,11.7,740.3
11/25/2024,11:35:13,0,440,0.78,0.27,52.1,3.052,77.3,65.6,66.8,7.66,128.2,4.34,0.04,75.9,-0.08,0.11,49,6.71,-6.8,8.59,3.073,38.8938,-91.73734,242.1,0,11.7,740.3
11/25/2024,11:35:14,0,440,0.7,0.23,52.2,3.076,77.3,65.6,66.8,7.65,128.2,4.374,0.04,76,-0.04,-0.08,49,6.71,-6.7,8.589,3.085,38.8938,-91.73734,242.1,0,11.7,740.3
11/25/2024,11:35:15,0,440,0.56,0.17,52.2,3.08,77.3,65.5,66.7,7.65,128.2,4.38,0.04,76,-0.02,-0.08,49,6.71,-6.7,8.59,3.074,38.8938,-91.73734,242.3,0,11.7,740.2
11/25/2024,11:35:16,0,440,0.66,0.18,52.1,3.103,77.3,65.5,66.7,7.64,128.1,4.412,0.04,75.9,-0.02,-0.21,49,6.71,-6.7,8.588,3.121,38.8938,-91.73734,242.4,0,11.7,740.4
11/25/2024,11:35:17,0,440,0.64,0.26,52.1,3.17,77.2,65.5,66.7,7.64,128.1,4.508,0.04,75.8,-0.04,-0.08,49,6.71,-6.7,8.587,3.189,38.8938,-91.73734,242.5,0,11.7,740.3
11/25/2024,11:35:18,0,440,0.53,0.29,52.1,3.183,77.2,65.4,66.7,7.64,128,4.527,0.04,75.8,-0.02,0.02,49,6.71,-6.7,8.588,3.181,38.8938,-91.73734,242.6,0,11.7,740.3
11/25/2024,11:35:19,0,440,0.54,0.3,52.1,3.186,77.2,65.4,66.6,7.63,128,4.531,0.04,75.9,-0.03,0.03,49,6.71,-6.8,8.589,3.196,38.8938,-91.73734,242.6,0,11.7,740.4
11/25/2024,11:35:20,0,440,0.59,0.32,52.1,3.236,77.3,65.4,66.6,7.63,127.9,4.602,0.04,75.9,-0.07,0.2,49,6.71,-6.8,8.588,3.248,38.8938,-91.73734,242.8,0,11.7,740.4
11/25/2024,11:35:21,0,440,0.57,0.31,52.2,3.272,77.3,65.3,66.5,7.62,127.8,4.653,0.04,76,-0.05,0.44,49,6.71,-6.8,8.588,3.287,38.8938,-91.73734,242.8,0,11.7,740.3
11/25/2024,11:35:22,0,440,0.6,0.22,52.1,3.292,77.3,65.3,66.5,7.62,127.7,4.681,0.04,76,-0.01,0.38,49,6.71,-6.9,8.588,3.289,38.8938,-91.73734,242.9,0,11.7,740.3
11/25/2024,11:35:23,0,440,0.58,0.22,52.1,3.294,77.2,65.3,66.5,7.62,127.6,4.685,0.04,75.9,-0.02,0.04,49,6.71,-6.9,8.589,3.302,38.8938,-91.73734,243.1,0,11.7,740.4
11/25/2024,11:35:24,0,440,0.5,0.26,52.1,3.339,77.2,65.2,66.5,7.61,127.5,4.748,0.04,75.8,-0.04,0.08,49,6.71,-6.9,8.589,3.352,38.8938,-91.73734,243.2,0,11.7,740.3
11/25/2024,11:35:25,0,440,0.54,0.22,52,3.365,77.1,65.2,66.4,7.61,127.5,4.785,0.04,75.8,-0.02,0.04,49,6.71,-6.9,8.587,3.383,38.8938,-91.73734,243.7,0,11.7,740.4
11/25/2024,11:35:26,0,440,0.56,0.24,52,3.389,77.1,65.2,66.4,7.61,127.4,4.819,0.04,75.8,-0.03,0.03,49,6.71,-6.9,8.587,3.415,38.8938,-91.73734,243.8,0,11.7,740.3
11/25/2024,11:35:27,0,440,0.52,0.25,52.1,3.42,77.2,65.1,66.4,7.6,127.3,4.864,0.04,75.9,-0.1,0.08,49,6.71,-6.9,8.587,3.441,38.89381,-91.73734,243.9,0,11.7,740.3
11/25/2024,11:35:28,0,440,0.6,0.21,52.1,3.444,77.3,65.1,66.3,7.6,127.2,4.897,0.04,76,-0.06,0,49,6.73,-7.9,8.586,3.44,38.89381,-91.73734,243.9,0,11.7,740.3
11/25/2024,11:35:29,0,440,0.66,0.18,52.1,3.469,77.2,65.1,66.3,7.6,128,4.932,0.04,75.9,0.01,-0.15,49,6.71,-6.6,8.587,3.472,38.89381,-91.73734,243.7,0,11.7,740.3
11/25/2024,11:35:30,0,440,0.55,0.2,52.1,3.5,77.2,65.1,66.3,7.6,128.1,4.977,0.04,75.9,-0.01,-0.14,49,6.71,-6.8,8.587,3.531,38.89381,-91.73734,243.8,0,11.7,740.4
11/25/2024,11:35:31,0,440,0.55,0.21,52.1,3.549,77.2,65.1,66.3,7.6,128,5.047,0.04,75.9,-0.02,0.1,49,6.71,-6.8,8.586,3.562,38.89381,-91.73734,243.9,0,11.7,740.3
11/25/2024,11:35:32,0,440,0.58,0.22,52.1,3.559,77.2,65,66.3,7.59,127.9,5.061,0.04,75.9,-0.02,0.36,49,6.71,-6.9,8.586,3.566,38.89381,-91.73734,243.9,0,11.7,740.4
11/25/2024,11:35:33,0,440,0.5,0.4,52,3.602,77.1,65,66.2,7.59,127.7,5.122,0.04,75.8,-0.04,0.43,49,6.71,-7,8.587,3.604,38.89381,-91.73734,244,0,11.7,740.4
11/25/2024,11:35:34,0,440,0.52,0.48,52,3.627,77.1,65,66.2,7.59,127.6,5.158,0.04,75.8,-0.02,0.4,49,6.72,-7.1,8.587,3.659,38.89381,-91.73734,243.8,0,11.7,740.4
11/25/2024,11:35:35,0,440,0.57,0.31,52.1,3.662,77.2,64.9,66.2,7.58,127.5,5.207,0.04,75.9,-0.03,0.96,49,6.72,-7.1,8.588,3.672,38.89381,-91.73734,243.8,0,11.7,740.3
11/25/2024,11:35:36,0,440,0.54,0.24,52.1,3.664,77.2,64.9,66.1,7.58,127.4,5.211,0.04,75.9,-0.1,0.74,49,6.72,-7.2,8.588,3.661,38.89381,-91.73734,243.6,0,11.7,740.4
11/25/2024,11:35:37,0,440,0.56,0.26,52.1,3.688,77.2,64.9,66.1,7.58,127.2,5.245,0.04,75.9,-0.1,-0.09,49,6.72,-7.3,8.589,3.701,38.89381,-91.73734,243.5,0,11.7,740.4
11/25/2024,11:35:38,0,440,0.53,0.27,52,3.737,77.1,64.9,66.1,7.58,126.9,5.314,0.04,75.8,-0.07,0.07,49,6.72,-7.4,8.59,3.753,38.89381,-91.73734,243.5,0,11.7,740.3
11/25/2024,11:35:39,0,440,0.69,0.27,52,3.749,77.1,64.9,66.1,7.58,126.7,5.332,0.04,75.7,-0.07,0.39,49,6.72,-7.5,8.59,3.751,38.89381,-91.73734,243.7,0,11.7,740.4
11/25/2024,11:35:40,0,440,0.68,0.29,52,3.758,77.1,64.9,66.1,7.57,126.3,5.345,0.04,75.8,-0.04,0.38,49,6.73,-7.6,8.589,3.776,38.89381,-91.73734,243.8,0,11.7,740.4
11/25/2024,11:35:41,0,440,0.47,0.28,52.1,3.82,77.2,64.9,66.1,7.57,126,5.432,0.04,75.8,-0.04,0.25,49,6.73,-7.7,8.589,3.835,38.89381,-91.73734,243.9,0,11.7,740.4
11/25/2024,11:35:42,0,440,0.6,0.26,52.1,3.858,77.2,64.8,66,7.57,125.7,5.486,0.04,75.9,-0.05,0.3,49,6.73,-7.8,8.588,3.866,38.89381,-91.73734,243.9,0,11.7,740.3
11/25/2024,11:35:43,0,440,0.54,0.29,52.1,3.873,77.2,64.8,66,7.57,125.5,5.507,0.04,75.9,-0.06,0.33,49,6.73,-7.8,8.588,3.872,38.89381,-91.73734,243.8,0,11.7,740.3
11/25/2024,11:35:44,0,440,0.49,0.3,52.1,3.897,77.2,64.8,66,7.56,125.2,5.542,0.04,75.9,-0.09,0.38,49,6.73,-8,8.589,3.921,38.89381,-91.73734,244,0,11.7,740.4
11/25/2024,11:35:45,0,440,0.56,0.26,52.1,3.925,77.2,64.8,66,7.56,125,5.581,0.04,75.8,-0.09,0.23,49,6.73,-8.1,8.589,3.934,38.89381,-91.73734,244,0,11.7,740.4
11/25/2024,11:35:46,0,440,0.53,0.21,52,3.944,77.1,64.7,65.9,7.56,124.8,5.609,0.04,75.7,-0.08,0.21,49,6.74,-8.2,8.592,3.948,38.89381,-91.73734,243.9,0,11.7,740.4
11/25/2024,11:35:47,0,440,0.57,0.29,52,3.965,77.1,64.7,65.9,7.55,124,5.639,0.04,75.8,-0.03,0.64,49,6.74,-8.3,8.592,3.961,38.89381,-91.73734,243.8,0,11.7,740.4
11/25/2024,11:35:48,0,440,0.63,0.53,52.1,3.977,77.2,64.7,65.9,7.55,123,5.655,0.04,75.9,0.02,1.55,49,6.74,-8.3,8.592,3.987,38.89381,-91.73734,243.8,0,11.7,740.4
11/25/2024,11:35:49,0,440,0.67,0.55,52.1,3.983,77.3,64.7,65.9,7.55,122.1,5.664,0.04,75.9,0.05,1.71,49,6.74,-8.4,8.592,3.986,38.89381,-91.73734,243.8,0,11.7,740.4
11/25/2024,11:35:50,0,440,0.71,1.42,52.1,4.003,77.3,64.6,65.8,7.54,121.2,5.692,0.04,75.9,0.07,4.2,49,6.74,-8.4,8.593,3.996,38.89381,-91.73734,243.8,0,11.7,740.3
11/25/2024,11:35:51,0,440,0.76,4.64,52.1,4.015,77.2,64.6,65.8,7.54,120.3,5.709,0.04,75.9,0.04,17.32,49,6.74,-8.5,8.594,4.03,38.89381,-91.73735,243.7,0,11.7,740.2
11/25/2024,11:35:52,0,440,0.95,7.85,52.1,4.038,77.2,64.6,65.8,7.54,119.5,5.742,0.04,75.9,0.05,37.47,49,6.74,-8.5,8.594,4.046,38.89381,-91.73735,243.8,0,11.7,740.4
11/25/2024,11:35:53,0,440,0.94,6.55,52,4.034,77.1,64.5,65.7,7.53,118.7,5.737,0.04,75.8,0.09,39.11,49,6.74,-8.5,8.595,4.015,38.89381,-91.73735,243.8,0,11.7,740.3
11/25/2024,11:35:54,0,440,0.82,3.76,52,4.05,77,64.5,65.7,7.53,117.9,5.759,0.04,75.7,0.12,23.79,49,6.74,-8.6,8.595,4.042,38.89381,-91.73735,243.8,0,11.7,740.4
11/25/2024,11:35:55,0,440,0.97,2.21,52,4.067,77.1,64.5,65.7,7.53,117.3,5.783,0.04,75.8,0.13,15.33,49,6.73,-8.1,8.595,4.09,38.89381,-91.73735,244,0,11.7,740.4
11/25/2024,11:35:56,0,440,1.2,1.13,52.1,4.084,77.3,64.5,65.7,7.52,73.4,5.808,0.04,75.9,0.11,13.54,49,6.57,0.9,8.594,4.085,38.89381,-91.73735,244,0,11.7,740.3
11/25/2024,11:35:57,0,440,1.15,1.08,52.1,4.069,77.3,64.4,65.7,7.52,42,5.786,0.04,75.9,0.05,12.17,49,6.5,4.8,8.594,4.06,38.89381,-91.73735,243.9,0,11.7,740.4
11/25/2024,11:35:58,0,440,1.09,1.15,52.1,4.096,77.2,64.4,65.6,7.52,23.1,5.825,0.04,75.9,0.1,10.52,49,6.45,7.9,8.595,4.108,38.89381,-91.73735,243.9,0,11.7,740.3
11/25/2024,11:35:59,0,440,1.04,1.27,52.1,4.12,77.2,64.4,65.6,7.51,14.7,5.858,0.04,75.8,0.17,9.39,49,6.44,8.6,8.595,4.122,38.89381,-91.73735,244,0,11.7,740.4
11/25/2024,11:36:00,0,440,0.77,1.29,52,4.111,77.1,64.3,65.5,7.51,-7.3,5.846,0.04,75.8,0.09,8.67,49,6.44,8.6,8.596,4.106,38.89381,-91.73735,243.7,0,11.7,740.4
11/25/2024,11:36:01,0,440,0.74,1.77,52,4.104,77.1,64.3,65.5,7.5,-19.6,5.835,0.04,75.7,0.12,9.11,49,6.43,8.8,8.596,4.108,38.89381,-91.73735,243.5,0,11.7,740.3
11/25/2024,11:36:02,0,440,0.83,2.01,52,4.131,77.1,64.3,65.5,7.5,-27.6,5.875,0.04,75.8,0.26,10.05,49,6.42,9.4,8.596,4.139,38.89381,-91.73735,243.3,0,11.7,740.4
11/25/2024,11:36:03,0,440,0.9,1.19,52.1,4.15,77.2,64.3,65.5,7.5,-36.9,5.901,0.04,75.9,0.4,10.89,49,6.41,10,8.596,4.156,38.89381,-91.73735,243.2,0,11.7,740.4
11/25/2024,11:36:04,0,440,1.01,0.62,52.2,4.151,77.3,64.2,65.4,7.5,-38.5,5.902,0.04,76,0.56,10.89,49,6.41,10,8.596,4.149,38.89381,-91.73735,243.2,0,11.7,740.4
11/25/2024,11:36:05,0,440,1.2,0.6,52.2,4.14,77.3,64.2,65.4,7.49,-39.2,5.888,0.04,76,0.65,10.21,49,6.41,10.2,8.597,4.141,38.89381,-91.73735,243,0,11.7,740.3
11/25/2024,11:36:06,0,440,1.7,0.68,52.1,4.146,77.3,64.2,65.4,7.49,-39.8,5.896,0.04,75.9,0.73,9.81,49,6.4,10.5,8.596,4.145,38.89381,-91.73735,243,0,11.7,740.4
11/25/2024,11:36:07,0,440,2.19,0.71,52.1,4.177,77.2,64.1,65.3,7.48,-40,5.94,0.04,75.9,0.73,9.48,49,6.4,10.5,8.597,4.182,38.89381,-91.73736,243.3,0,11.7,740.3
11/25/2024,11:36:08,0,440,1.63,0.72,52.1,4.185,77.2,64.1,65.3,7.48,-39.6,5.951,0.04,75.8,0.68,9.32,49,6.4,10.3,8.598,4.188,38.89381,-91.73735,243,0,11.7,740.3
11/25/2024,11:36:09,0,440,1.24,0.72,52.1,4.179,77.2,64.1,65.3,7.48,-39.2,5.943,0.04,75.9,0.59,9.31,49,6.41,10.2,8.598,4.196,38.89381,-91.73735,243,0,11.7,740.4
11/25/2024,11:36:10,0,440,1.66,0.71,52.1,4.18,77.2,64,65.2,7.47,-39,5.944,0.04,75.9,0.54,9.11,49,6.42,9.7,8.598,4.17,38.89381,-91.73735,242.8,0,11.7,740.4
11/25/2024,11:36:11,0,440,1.74,0.69,52.1,4.18,77.2,64,65.2,7.47,-38.6,5.944,0.04,75.9,0.57,8.92,49,6.42,9.4,8.599,4.168,38.89381,-91.73735,242.5,0,11.7,740.4
11/25/2024,11:36:12,0,440,1.24,0.68,52.2,4.182,77.3,64,65.2,7.47,-38,5.947,0.04,76,0.48,8.84,49,6.43,9.2,8.599,4.201,38.89381,-91.73735,242.7,0,11.7,740.4
11/25/2024,11:36:13,0,440,0.88,0.68,52.2,4.196,77.4,63.9,65.1,7.46,-39.3,5.966,0.04,76,0.35,8.86,49,6.43,9.1,8.599,4.2,38.89381,-91.73735,242.8,0,11.7,740.4
11/25/2024,11:36:14,0,440,0.82,0.71,52.2,4.182,77.3,63.9,65.1,7.46,-42.1,5.948,0.04,76,0.31,8.86,49,6.43,9,8.598,4.157,38.89381,-91.73735,243.1,0,11.7,740.4
11/25/2024,11:36:15,0,440,0.86,0.68,52.1,4.17,77.2,63.9,65.1,7.46,-44.8,5.93,0.04,75.8,0.28,8.9,49,6.43,9,8.598,4.173,38.89381,-91.73735,243.5,0,11.7,740.4
11/25/2024,11:36:16,0,440,0.78,0.68,52,4.197,77.1,63.9,65.1,7.45,-47.3,5.968,0.04,75.8,0.31,9.01,49,6.43,8.9,8.599,4.208,38.89381,-91.73735,243.8,0,11.7,740.4
11/25/2024,11:36:17,0,440,0.99,0.68,52.1,4.195,77.1,63.8,65,7.45,-49.4,5.965,0.04,75.8,0.36,9.11,49,6.43,8.9,8.598,4.193,38.8938,-91.73735,244,0,11.7,740.4
11/25/2024,11:36:18,0,440,1.09,0.69,52.1,4.169,77.2,63.8,65,7.45,-51.2,5.928,0.04,75.9,0.38,9.25,49,6.43,8.9,8.596,4.156,38.8938,-91.73735,244,0,11.7,740.4
11/25/2024,11:36:19,0,440,1.01,0.69,52.1,4.184,77.3,63.8,65,7.44,-52.7,5.95,0.04,75.9,0.36,9.25,49,6.43,8.9,8.594,4.19,38.8938,-91.73735,243.8,0,11.7,740.4
11/25/2024,11:36:20,0,440,0.97,0.66,52.2,4.196,77.4,63.8,65,7.44,-54,5.968,0.04,76,0.36,9.31,49,6.43,8.8,8.594,4.199,38.8938,-91.73735,244,0,11.7,740.4
11/25/2024,11:36:21,0,440,1.16,0.68,52.2,4.183,77.4,63.8,65,7.44,-55.6,5.948,0.04,76.1,0.32,9.4,49,6.43,8.8,8.595,4.178,38.8938,-91.73735,244.2,0,11.7,740.4
11/25/2024,11:36:22,0,440,1.54,0.67,52.2,4.178,77.3,63.7,64.9,7.44,-56.7,5.941,0.04,76,0.42,9.38,49,6.43,8.8,8.596,4.183,38.8938,-91.73735,244.3,0,11.7,740.4
11/25/2024,11:36:23,0,440,1.39,0.67,52.1,4.188,77.3,63.7,64.9,7.44,-57.8,5.955,0.04,75.9,0.61,9.48,49,6.43,8.8,8.596,4.193,38.8938,-91.73735,244.4,0,11.7,740.4
11/25/2024,11:36:24,0,440,0.93,0.73,52.1,4.186,77.3,63.7,64.9,7.43,-58.7,5.953,0.04,75.9,0.46,9.45,49,6.43,8.7,8.595,4.18,38.8938,-91.73735,244.1,0,11.7,740.4
11/25/2024,11:36:25,0,440,0.74,0.72,52.1,4.183,77.2,63.7,64.9,7.43,-59.6,5.949,0.04,75.9,0.29,9.29,49,6.43,8.7,8.595,4.174,38.8938,-91.73735,244.4,0,11.7,740.4
11/25/2024,11:36:26,0,440,0.75,0.71,52.1,4.184,77.2,63.7,64.9,7.43,-60.6,5.949,0.04,75.9,0.3,9.32,49,6.43,8.7,8.596,4.192,38.8938,-91.73735,244.5,0,11.7,740.3
11/25/2024,11:36:27,0,440,0.68,0.73,52.1,4.188,77.3,63.7,64.9,7.43,-61.4,5.956,0.04,75.9,0.34,9.29,49,6.43,8.7,8.597,4.198,38.8938,-91.73735,244.4,0,11.6,740.4
11/25/2024,11:36:28,0,440,0.77,0.69,52.2,4.187,77.3,63.7,64.9,7.43,-62.3,5.954,0.04,76,0.35,9.25,49,6.43,8.6,8.598,4.179,38.8938,-91.73735,244.3,0,11.6,740.3
11/25/2024,11:36:29,0,440,0.97,0.7,52.2,4.186,77.4,63.6,64.8,7.43,-63.1,5.953,0.04,76.1,0.35,9.31,49,6.44,8.6,8.598,4.179,38.8938,-91.73735,244.4,0,11.6,740.3
11/25/2024,11:36:30,0,440,1,0.72,52.2,4.187,77.4,63.6,64.8,7.42,-63.9,5.955,0.04,76,0.39,9.42,49,6.44,8.6,8.598,4.199,38.8938,-91.73734,244.3,0,11.6,740.4
11/25/2024,11:36:31,0,440,0.92,0.72,52.1,4.185,77.3,63.6,64.8,7.42,-64.6,5.952,0.04,75.9,0.4,9.44,49,6.44,8.6,8.599,4.169,38.89381,-91.73734,244.3,0,11.6,740.3
11/25/2024,11:36:32,0,440,0.92,0.72,52.1,4.185,77.2,63.6,64.8,7.42,-65.4,5.952,0.04,75.9,0.4,9.39,49,6.44,8.5,8.598,4.172,38.89381,-91.73734,244.4,0,11.6,740.4
11/25/2024,11:36:33,0,440,0.92,0.7,52,4.188,77.1,63.6,64.8,7.42,-66.1,5.956,0.04,75.8,0.45,9.32,49,6.44,8.5,8.598,4.211,38.89381,-91.73734,244.6,0,11.6,740.4
11/25/2024,11:36:34,0,440,0.84,0.71,52,4.199,77.1,63.6,64.8,7.42,-66.8,5.972,0.04,75.8,0.48,9.29,49,6.44,8.4,8.598,4.199,38.89381,-91.73734,244.6,0,11.6,740.4
11/25/2024,11:36:35,0,440,0.77,0.73,52.1,4.175,77.2,63.6,64.8,7.42,-67.5,5.937,0.04,75.8,0.48,9.24,49,6.44,8.3,8.598,4.159,38.89381,-91.73734,244.7,0,11.6,740.4
11/25/2024,11:36:36,0,440,0.76,0.72,52.1,4.187,77.3,63.6,64.8,7.42,-68.3,5.955,0.04,75.9,0.49,9.03,49,6.44,8.3,8.598,4.18,38.89381,-91.73734,244.7,0,11.6,740.4
11/25/2024,11:36:37,0,440,0.74,0.71,52.2,4.201,77.4,63.5,64.7,7.42,-68.8,5.974,0.04,76,0.47,9.01,49,6.44,8.3,8.598,4.211,38.89381,-91.73734,244.5,0,11.6,740.3
11/25/2024,11:36:38,0,440,0.78,0.68,52.2,4.186,77.4,63.5,64.7,7.41,-69.3,5.953,0.04,76,0.44,9.11,49,6.44,8.3,8.598,4.182,38.89381,-91.73734,244.3,0,11.6,740.3
11/25/2024,11:36:39,0,440,0.91,0.67,52.2,4.172,77.4,63.5,64.7,7.41,-69.9,5.933,0.04,76,0.47,9.1,49,6.44,8.2,8.598,4.167,38.89381,-91.73734,244,0,11.6,740.3
11/25/2024,11:36:40,0,440,0.98,0.67,52.2,4.188,77.3,63.5,64.7,7.41,-70.6,5.955,0.04,76,0.47,9.06,49,6.44,8.2,8.598,4.194,38.89381,-91.73734,244,0,11.6,740.3
11/25/2024,11:36:41,0,440,0.92,0.66,52.1,4.199,77.2,63.5,64.7,7.41,-71.2,5.971,0.04,75.9,0.47,9.01,49,6.44,8.2,8.598,4.201,38.89381,-91.73734,243.7,0,11.6,740.4
11/25/2024,11:36:42,0,440,0.79,0.65,52.1,4.186,77.2,63.5,64.7,7.41,-71.8,5.953,0.04,75.9,0.49,9.04,49,6.44,8.1,8.598,4.181,38.89381,-91.73734,243.6,0,11.6,740.4
11/25/2024,11:36:43,0,440,0.78,0.62,52.2,4.173,77.3,63.5,64.7,7.41,-72.3,5.934,0.04,76,0.45,9.13,49,6.45,8,8.599,4.172,38.89381,-91.73734,243.6,0,11.6,740.3
11/25/2024,11:36:44,0,440,0.86,0.66,52.2,4.174,77.3,63.5,64.7,7.41,-72.8,5.935,0.04,76,0.45,9.13,49,6.45,8,8.6,4.171,38.89381,-91.73734,243.8,0,11.6,740.4
11/25/2024,11:36:45,0,440,0.9,0.71,52.2,4.199,77.3,63.5,64.7,7.41,-73.3,5.971,0.04,76,0.49,9.15,49,6.45,7.9,8.601,4.199,38.89381,-91.73734,243.8,0,11.6,740.4
11/25/2024,11:36:46,0,440,0.94,0.68,52.3,4.199,77.4,63.5,64.7,7.41,-73.8,5.972,0.04,76.1,0.51,9.14,49,6.45,7.9,8.602,4.202,38.89381,-91.73734,243.8,0,11.6,740.4
11/25/2024,11:36:47,0,440,1,0.67,52.3,4.187,77.5,63.5,64.7,7.41,-74.3,5.955,0.04,76.2,0.54,9.13,50,6.45,7.9,8.603,4.183,38.89381,-91.73734,243.7,0,11.6,740.3
11/25/2024,11:36:48,0,440,1,0.69,52.3,4.188,77.4,63.5,64.6,7.41,-74.7,5.955,0.04,76.1,0.55,9.13,49,6.45,7.9,8.604,4.174,38.89382,-91.73734,243.6,0,11.6,740.3
11/25/2024,11:36:49,0,440,1.03,0.7,52.2,4.187,77.3,63.5,64.6,7.4,-75.2,5.954,0.04,75.9,0.56,9.05,49,6.45,7.8,8.606,4.174,38.89382,-91.73734,243.6,0,11.6,740.4
11/25/2024,11:36:50,0,440,1.04,0.7,52.1,4.189,77.2,63.5,64.7,7.41,-75.6,5.957,0.04,75.9,0.59,8.96,49,6.45,7.8,8.606,4.199,38.89382,-91.73734,243.5,0,11.6,740.4
11/25/2024,11:36:51,0,440,1.12,0.68,52.1,4.192,77.3,63.5,64.7,7.4,-76.1,5.961,0.04,75.9,0.63,8.85,49,6.45,7.8,8.607,4.206,38.89382,-91.73734,243.4,0,11.6,740.4
11/25/2024,11:36:52,0,440,1.21,0.63,52.2,4.188,77.3,63.5,64.6,7.4,-76.5,5.956,0.04,76,0.59,8.92,49,6.45,7.8,8.607,4.163,38.89382,-91.73734,243.2,0,11.6,740.4
11/25/2024,11:36:53,0,440,1.12,0.64,52.2,4.19,77.3,63.4,64.6,7.4,-76.9,5.958,0.04,76,0.55,9,49,6.45,7.7,8.607,4.175,38.89382,-91.73734,243.1,0,11.6,740.4
11/25/2024,11:36:54,0,440,1.04,0.65,52.3,4.191,77.4,63.4,64.6,7.4,-77.3,5.96,0.04,76.1,0.58,9,49,6.45,7.7,8.608,4.213,38.89382,-91.73734,243,0,11.6,740.4
11/25/2024,11:36:55,0,440,1.05,0.6,52.3,4.201,77.5,63.4,64.6,7.4,-77.7,5.974,0.04,76.1,0.58,8.93,49,6.45,7.7,8.608,4.206,38.89383,-91.73734,243,0,11.6,740.4
11/25/2024,11:36:56,0,440,1.08,0.63,52.3,4.186,77.5,63.4,64.6,7.4,-78.2,5.953,0.04,76.1,0.57,8.93,49,6.45,7.6,8.608,4.163,38.89383,-91.73734,242.9,0,11.6,740.4
11/25/2024,11:36:57,0,440,1.11,0.66,52.3,4.191,77.4,63.4,64.6,7.4,-78.5,5.959,0.04,76.1,0.57,8.92,49,6.45,7.6,8.609,4.181,38.89383,-91.73734,242.9,0,11.7,740.5
